model,scenario,stage,industry,ecl,n
M0,upside,3,Construction,14393936.9871,521
M0,upside,3,Hospitality,10646335.748,321
M0,upside,3,Manufacturing,25537775.2378,828
M0,upside,3,Retail,23916988.8426,801
M0,upside,3,Services,27719946.6798,939
M0,upside,3,Technology,8075414.11296,309
M0,upside,3,Transport,12532613.561,442
M4,upside,3,Construction,14437673.8459,521
M4,upside,3,Hospitality,10735416.9412,321
M4,upside,3,Manufacturing,25239687.583,828
M4,upside,3,Retail,23996926.2241,801
M4,upside,3,Services,27575167.6668,939
M4,upside,3,Technology,7986094.28524,309
M4,upside,3,Transport,12605957.4205,442
M0,baseline,3,Construction,46847490.8141,521
M0,baseline,3,Hospitality,34913562.2847,321
M0,baseline,3,Manufacturing,82708121.4504,828
M0,baseline,3,Retail,77708619.262,801
M0,baseline,3,Services,90036666.6442,939
M0,baseline,3,Technology,26273385.2474,309
M0,baseline,3,Transport,40427861.7513,442
M4,baseline,3,Construction,46835924.5224,521
M4,baseline,3,Hospitality,34973385.7529,321
M4,baseline,3,Manufacturing,81637306.9318,828
M4,baseline,3,Retail,77651092.9777,801
M4,baseline,3,Services,89328393.2201,939
M4,baseline,3,Technology,25971609.829,309
M4,baseline,3,Transport,40821064.3782,442
M0,downside,3,Construction,18072234.8502,521
M0,downside,3,Hospitality,13494980.4496,321
M0,downside,3,Manufacturing,31945195.4334,828
M0,downside,3,Retail,30518286.0109,801
M0,downside,3,Services,34744255.4621,939
M0,downside,3,Technology,10200675.3028,309
M0,downside,3,Transport,15769458.9718,442
M4,downside,3,Construction,17971496.8241,521
M4,downside,3,Hospitality,13389126.6101,321
M4,downside,3,Manufacturing,31368651.8588,828
M4,downside,3,Retail,29953487.1298,801
M4,downside,3,Services,34211276.6067,939
M4,downside,3,Technology,9980460.48494,309
M4,downside,3,Transport,15752998.1614,442
