split,feature,missing,ks,development_mean,evaluation_mean,below_dev_min,above_dev_max
validation,months_since_default,0,0.0140013118371,12.545505799,12.5494004796,0,0
validation,marginal_interest_amount,0,0.0116476921556,31973.8436273,31746.5718563,0,0
validation,marginal_interest_to_principal,0,0.0123433598482,0.0840432893539,0.0845510089039,0,2
validation,cumulative_recovery_ratio,0,0.010710246236,0.063378323716,0.0632310866927,0,0
validation,recent_recovery_ratio,0,0.0125806571238,0.0141662849796,0.0139570968992,0,0
validation,months_since_last_recovery,0,0.0132667448515,4.23421391753,4.33645083933,0,0
validation,restructured,0,0.000389263331603,0.275209407216,0.274820143885,0,0
validation,default_principal,0,0.0140379706544,414918.803095,419347.182429,0,0
validation,ead_at_default,0,0.0165668109842,388454.4315,393390.249371,0,1
validation,interest_rate,0,0.0263997951124,0.0764787612758,0.0769774820144,0,2
validation,collateral_coverage,0,0.0131799071052,0.66871855983,0.655368526853,0,0
validation,guarantee_coverage,0,0.00680849650177,0.11854104755,0.122811637032,0,0
final,months_since_default,0,0.0183059527968,12.545505799,12.4333093006,0,0
final,marginal_interest_amount,0,0.0122480361952,31973.8436273,31155.9948587,0,1
final,marginal_interest_to_principal,0,0.0235827684414,0.0840432893539,0.0830225717591,0,0
final,cumulative_recovery_ratio,0,0.0201020359338,0.063378323716,0.06439613091,0,0
final,recent_recovery_ratio,0,0.0245495536301,0.0141662849796,0.0147698921777,0,0
final,months_since_last_recovery,0,0.0246868085958,4.23421391753,4.12184571017,0,0
final,restructured,0,0.00381005925791,0.275209407216,0.279019466474,0,0
final,default_principal,0,0.0225523980655,414918.803095,412400.059065,0,0
final,ead_at_default,0,0.0220092237815,388454.4315,385734.629467,0,0
final,interest_rate,0,0.0182400835755,0.0764787612758,0.0760437875511,0,0
final,collateral_coverage,0,0.0151315518487,0.66871855983,0.657923500887,0,0
final,guarantee_coverage,0,0.00645831939685,0.11854104755,0.115315070163,0,0
