split,scenario,model,n,mae,rmse,bias,r2,predicted_mean,realized_mean
validation,upside,M0,4170,0.171285748115,0.21456402298,-0.0102754060707,0.311957256623,0.385788041441,0.396063447512
validation,upside,M1,4170,0.170918848074,0.214219075264,-0.0109454540195,0.314167766931,0.385117993492,0.396063447512
validation,upside,M2,4170,0.171833186229,0.215392856663,-0.00986391413599,0.306631345607,0.386199533376,0.396063447512
validation,upside,M3,4170,0.171320517466,0.21443501113,-0.00990712907441,0.312784412823,0.386156318437,0.396063447512
validation,upside,M4,4170,0.167809962261,0.210982588628,-0.00689094462906,0.334734740282,0.389172502883,0.396063447512
validation,upside,M4_without_mi,4170,0.167748205063,0.210593067096,-0.00781454209404,0.337188932676,0.388248905418,0.396063447512
validation,upside,frozen_R1_transfer,4170,0.158281816359,0.217256642741,0.0515113646299,0.29458004607,0.447574812142,0.396063447512
validation,baseline,M0,4170,0.175507431015,0.222558783355,-0.00334080238786,0.319366352038,0.419051386577,0.422392188965
validation,baseline,M1,4170,0.1752351906,0.222258894078,-0.0037482965728,0.321199370813,0.418643892392,0.422392188965
validation,baseline,M2,4170,0.176082416244,0.223207606383,-0.00357260636581,0.31539208071,0.418819582599,0.422392188965
validation,baseline,M3,4170,0.175104092414,0.222015037903,-0.00344618892701,0.3226880754,0.418946000038,0.422392188965
validation,baseline,M4,4170,0.171938488321,0.218539914395,-0.00219108644878,0.34372558223,0.420201102516,0.422392188965
validation,baseline,M4_without_mi,4170,0.171479198913,0.218107021115,-0.00223156997822,0.346322960472,0.420160618986,0.422392188965
validation,baseline,frozen_R1_transfer,4170,0.161899234575,0.2263201818,0.0560384512634,0.29616557485,0.478430640228,0.422392188965
validation,downside,M0,4170,0.185462333449,0.240024974032,0.00062186190389,0.308996418036,0.483824371462,0.483202509558
validation,downside,M1,4170,0.185400292034,0.239528558303,-0.00051023626941,0.311851706981,0.482692273288,0.483202509558
validation,downside,M2,4170,0.186306329589,0.240700390558,-0.000581351317815,0.305102057499,0.48262115824,0.483202509558
validation,downside,M3,4170,0.185022452331,0.239058928572,-0.000837489854837,0.314547486431,0.482365019703,0.483202509558
validation,downside,M4,4170,0.182361410116,0.23525395437,-0.00175846785051,0.336193806378,0.481444041707,0.483202509558
validation,downside,M4_without_mi,4170,0.181770889531,0.235042677073,-0.000155325661623,0.33738557552,0.483047183896,0.483202509558
validation,downside,frozen_R1_transfer,4170,0.168073720806,0.245754890358,0.064004787806,0.275611122493,0.547207297364,0.483202509558
final,upside,M0,4161,0.171085685851,0.214830548865,-0.0120095075959,0.316737700225,0.381167906063,0.393177413659
final,upside,M1,4161,0.171089859059,0.214928465012,-0.0128624455089,0.316114719381,0.38031496815,0.393177413659
final,upside,M2,4161,0.171913849912,0.215684746891,-0.0120331708842,0.311293394161,0.381144242775,0.393177413659
final,upside,M3,4161,0.171096942985,0.214899452063,-0.0125850554662,0.316299340709,0.380592358193,0.393177413659
final,upside,M4,4161,0.169013558321,0.212108361725,-0.0126809848527,0.333943667711,0.380496428806,0.393177413659
final,upside,M4_without_mi,4161,0.16896426961,0.212163091617,-0.0125423920991,0.333599901026,0.38063502156,0.393177413659
final,upside,frozen_R1_transfer,4161,0.157194281281,0.216947630236,0.0498526885102,0.303204714507,0.443030102169,0.393177413659
final,baseline,M0,4161,0.174460686719,0.221715141052,-0.00554113573131,0.327614228716,0.413807705731,0.419348841462
final,baseline,M1,4161,0.174776386446,0.222032544998,-0.00613001343903,0.325687696693,0.413218828023,0.419348841462
final,baseline,M2,4161,0.175641707771,0.222820285257,-0.00637594902001,0.320894478384,0.412972892442,0.419348841462
final,baseline,M3,4161,0.174945827066,0.222065056389,-0.00655906265555,0.3254902082,0.412789778807,0.419348841462
final,baseline,M4,4161,0.172758769316,0.219075413052,-0.0078227036838,0.343529691384,0.411526137778,0.419348841462
final,baseline,M4_without_mi,4161,0.172587114434,0.219179874974,-0.0070335256921,0.342903491491,0.41231531577,0.419348841462
final,baseline,frozen_R1_transfer,4161,0.160285700103,0.225699990229,0.0547341231041,0.303227678638,0.474082964566,0.419348841462
final,downside,M0,4161,0.184902081562,0.239822579649,-0.000674317246756,0.319155784751,0.479831860296,0.480506177543
final,downside,M1,4161,0.185519038437,0.240551116346,-0.00167758460316,0.315012943777,0.47882859294,0.480506177543
final,downside,M2,4161,0.186354461302,0.241224137867,-0.00262304660123,0.311174624897,0.477883130942,0.480506177543
final,downside,M3,4161,0.186075715885,0.240522352241,-0.00331344431613,0.315176749808,0.477192733227,0.480506177543
final,downside,M4,4161,0.18505318506,0.237747564881,-0.00619631542765,0.330886539963,0.474309862115,0.480506177543
final,downside,M4_without_mi,4161,0.18424577089,0.237772923152,-0.00414895417027,0.330743796413,0.476357223373,0.480506177543
final,downside,frozen_R1_transfer,4161,0.16671081802,0.244887171986,0.0622411098895,0.290095901692,0.542747287432,0.480506177543
