split,scenario,model,control,grouping,delta_rmse,delta_mae_low,delta_rmse_low,bias_low,delta_bias_low,benchmark_bias_low,delta_mae_high,delta_rmse_high,bias_high,delta_bias_high,benchmark_bias_high
validation,upside,M0,M0,customer_id,0,0,0,-0.0168217999132,0,-0.0168217999132,0,0,-0.0043086634047,0,-0.0043086634047
validation,upside,M0,M0,cluster,0,0,0,-0.0171637001062,0,-0.0171637001062,0,0,-0.00364045144718,0,-0.00364045144718
validation,upside,M1,M0,customer_id,-0.000344947716554,-0.0012351461087,-0.00129109064318,-0.0174874819127,-0.00171137532668,-0.0168217999132,0.000494129585352,0.000581562568572,-0.00523255618632,0.000367151221766,-0.0043086634047
validation,upside,M1,M0,cluster,-0.000344947716554,-0.00101553356837,-0.00111849952517,-0.0178331403688,-0.00195763493889,-0.0171637001062,0.000406938067479,0.000522408538996,-0.00477144022138,0.000433438790451,-0.00364045144718
validation,upside,M2,M0,customer_id,0.00082883368233,-0.000563886713302,-0.00038130348955,-0.0162320512471,-0.000924084125122,-0.0168217999132,0.00165392195363,0.00205187412626,-0.00406429023227,0.00160636749284,-0.0043086634047
validation,upside,M2,M0,cluster,0.00082883368233,-0.000595221050003,-0.000468340822775,-0.0166857264756,-0.000987956310397,-0.0171637001062,0.00155946243814,0.00198475795675,-0.00361471446084,0.00176337339137,-0.00364045144718
validation,upside,M3,M0,customer_id,-0.000129011850058,-0.00105629007242,-0.00119134802172,-0.0163658905987,-0.00100586777014,-0.0168217999132,0.00109517302098,0.00113814628689,-0.00404165412505,0.00154815765576,-0.0043086634047
validation,upside,M3,M0,cluster,-0.000129011850058,-0.00110012100252,-0.00137629798367,-0.0167579914063,-0.0010302823687,-0.0171637001062,0.00108083169543,0.00112742161081,-0.00388795285629,0.00166456363928,-0.00364045144718
validation,upside,M3,M1,customer_id,0.000215935866496,-0.000548247860487,-0.000792664538646,-0.0163658905987,-3.90028750042e-05,-0.0174874819127,0.00130111732314,0.00126100973834,-0.00404165412505,0.00204518452376,-0.00523255618632
validation,upside,M3,M1,cluster,0.000215935866496,-0.000528982751126,-0.000793831880928,-0.0167579914063,-5.24028718283e-05,-0.0178331403688,0.0012764512198,0.00107165373362,-0.00388795285629,0.00205400210514,-0.00477144022138
validation,upside,M4,M0,customer_id,-0.00358143435212,-0.00500353453065,-0.00553320127253,-0.0129986647689,0.00145022197488,-0.0168217999132,-0.00191359728428,-0.00179827984414,-0.00105180724667,0.00515775779459,-0.0043086634047
validation,upside,M4,M0,cluster,-0.00358143435212,-0.00493255827167,-0.00547568864285,-0.0136397781604,0.00157844327362,-0.0171637001062,-0.00203610676918,-0.00180060400825,-0.000589913833475,0.0052290879868,-0.00364045144718
validation,upside,M4,M4_without_mi,customer_id,0.000389521532107,-0.000718395065669,-0.000510704330258,-0.0129986647689,-9.45195305491e-06,-0.0139299842451,0.000911532987304,0.00129668248413,-0.00105180724667,0.00181730743971,-0.00195912284764
validation,upside,M4,M4_without_mi,cluster,0.000389521532107,-0.000605228715977,-0.000399894824005,-0.0136397781604,6.73290804068e-06,-0.0143112424196,0.000811412323775,0.00112944779908,-0.000589913833475,0.00188613092305,-0.0014952377049
validation,upside,M4_without_mi,M0,customer_id,-0.00397095588423,-0.00505394394316,-0.0059625388067,-0.0139299842451,0.000371257103714,-0.0168217999132,-0.0020746842557,-0.00219540085592,-0.00195912284764,0.00418005715646,-0.0043086634047
validation,upside,M4_without_mi,M0,cluster,-0.00397095588423,-0.0050646900514,-0.00602103210827,-0.0143112424196,0.000463354043746,-0.0171637001062,-0.00213390325237,-0.00218793451828,-0.0014952377049,0.00415264528117,-0.00364045144718
validation,baseline,M0,M0,customer_id,0,0,0,-0.00968832571661,0,-0.00968832571661,0,0,0.00332933968265,0,0.00332933968265
validation,baseline,M0,M0,cluster,0,0,0,-0.0108791067015,0,-0.0108791067015,0,0,0.00392859223115,0,0.00392859223115
validation,baseline,M1,M0,customer_id,-0.000299889276946,-0.00114181998236,-0.00134907236892,-0.0101813399835,-0.00145597462226,-0.00968832571661,0.000596110901911,0.000653178488922,0.00265219112377,0.000652644435075,0.00332933968265
validation,baseline,M1,M0,cluster,-0.000299889276946,-0.00101935536862,-0.00100581524016,-0.0113902910747,-0.00156900189509,-0.0108791067015,0.000481291435641,0.000649084566856,0.00347132363701,0.000689338536225,0.00392859223115
validation,baseline,M2,M0,customer_id,0.000648823027944,-0.000529718876902,-0.000654742202091,-0.0102278783077,-0.00156458396696,-0.00968832571661,0.00165660589242,0.00175625131884,0.00282500631272,0.000990704076599,0.00332933968265
validation,baseline,M2,M0,cluster,0.000648823027944,-0.00055359742,-0.000490565875577,-0.0109277043241,-0.001642456662,-0.0108791067015,0.00159500927877,0.00181906866588,0.0035134902398,0.00118636426491,0.00392859223115
validation,baseline,M3,M0,customer_id,-0.000543745451621,-0.00151560525507,-0.0018107647707,-0.0103346375772,-0.001512507202,-0.00968832571661,0.000738005147017,0.000667733623733,0.00252313389873,0.00124554295804,0.00332933968265
validation,baseline,M3,M0,cluster,-0.000543745451621,-0.00161151979971,-0.00177544127216,-0.0110441790017,-0.00163097897879,-0.0108791067015,0.000654181984138,0.000617039632595,0.00345693758954,0.0011758545766,0.00392859223115
validation,baseline,M3,M1,customer_id,-0.000243856174675,-0.00113320190734,-0.00116822536711,-0.0103346375772,-0.000853213836291,-0.0101813399835,0.000781697741656,0.00076510936356,0.00252313389873,0.00128118591217,0.00265219112377
validation,baseline,M3,M1,cluster,-0.000243856174675,-0.00115427963496,-0.00134183488638,-0.0110441790017,-0.000845994266539,-0.0113902910747,0.0007640663451,0.000718834968846,0.00345693758954,0.00134612639272,0.00347132363701
validation,baseline,M4,M0,customer_id,-0.00401886896007,-0.00514813634315,-0.00590577042047,-0.00876452710906,-0.0010221554607,-0.00968832571661,-0.00199097678526,-0.00220689324567,0.00400985619965,0.00286520499096,0.00332933968265
validation,baseline,M4,M0,cluster,-0.00401886896007,-0.00513771693071,-0.00590119044482,-0.00991618623779,-0.000732826698826,-0.0108791067015,-0.00199836597492,-0.00216462688729,0.00465881698121,0.00297683183995,0.00392859223115
validation,baseline,M4,M4_without_mi,customer_id,0.000432893279325,-0.000355999345558,-0.000439824425465,-0.00876452710906,-0.000973514609281,-0.00869321154281,0.00136449494956,0.00147457624587,0.00400985619965,0.00108651042596,0.00405637281058
validation,baseline,M4,M4_without_mi,cluster,0.000432893279325,-0.000338406199274,-0.000382227308727,-0.00991618623779,-0.000953903836883,-0.00961577677541,0.00124729605291,0.00127579495293,0.00465881698121,0.00109560003358,0.00448349004521
validation,baseline,M4_without_mi,M0,customer_id,-0.0044517622394,-0.005742256994,-0.00644947732237,-0.00869321154281,-0.00102561141631,-0.00968832571661,-0.00242837736556,-0.00248034609559,0.00405637281058,0.00278973360267,0.00332933968265
validation,baseline,M4_without_mi,M0,cluster,-0.0044517622394,-0.00573780558383,-0.0064752362549,-0.00961577677541,-0.000886268121914,-0.0108791067015,-0.00255182441844,-0.00257196953122,0.00448349004521,0.00292669072867,0.00392859223115
validation,downside,M0,M0,customer_id,0,0,0,-0.00661407248767,0,-0.00661407248767,0,0,0.00794016039534,0,0.00794016039534
validation,downside,M0,M0,cluster,0,0,0,-0.00699088031765,0,-0.00699088031765,0,0,0.00804578332832,0,0.00804578332832
validation,downside,M1,M0,customer_id,-0.000496415728948,-0.000968802336481,-0.00147250628291,-0.00781486891242,-0.00230370467256,-0.00661407248767,0.000847390096705,0.000545712140057,0.00650578418315,-6.63157936834e-05,0.00794016039534
validation,downside,M1,M0,cluster,-0.000496415728948,-0.000849725671862,-0.00131663881176,-0.00827187492921,-0.00222269688352,-0.00699088031765,0.000662673588158,0.000443688155131,0.0066868549754,-0.000175988835983,0.00804578332832
validation,downside,M2,M0,customer_id,0.000675416525454,-0.000368911929935,-0.000680400414793,-0.00815228939346,-0.00262788997676,-0.00661407248767,0.00208554047765,0.00183761597637,0.00645600515787,1.94991266144e-05,0.00794016039534
validation,downside,M2,M0,cluster,0.000675416525454,-0.000312656207884,-0.000538864411619,-0.00813249949799,-0.00260857426868,-0.00699088031765,0.00178050556527,0.00173167306344,0.00708268011339,0.000230097571623,0.00804578332832
validation,downside,M3,M0,customer_id,-0.000966045459918,-0.0016039584452,-0.00230047076343,-0.00819749057193,-0.0028613914707,-0.00661407248767,0.000724593749104,0.000239638124646,0.00611300657084,-9.3133704418e-05,0.00794016039534
validation,downside,M3,M0,cluster,-0.000966045459918,-0.00173253665862,-0.00233196298616,-0.00823933477624,-0.00289060376591,-0.00699088031765,0.00060866714385,0.000138432712976,0.00656732262286,-0.000215559396051,0.00804578332832
validation,downside,M3,M1,customer_id,-0.00046962973097,-0.00135983860169,-0.00148460342136,-0.00819749057193,-0.00141978166445,-0.00781486891242,0.000545070799396,0.000547396492462,0.00611300657084,0.000728406602334,0.00650578418315
validation,downside,M3,M1,cluster,-0.00046962973097,-0.00149174719736,-0.00159568915979,-0.00823933477624,-0.00144836096562,-0.00827187492921,0.000537901634069,0.000472767109674,0.00656732262286,0.000769721677541,0.0066868549754
validation,downside,M4,M0,customer_id,-0.00477101966254,-0.00480046490836,-0.00675424119813,-0.00901731502043,-0.00460062079282,-0.00661407248767,-0.00142568368397,-0.00291041441677,0.00510406505345,-0.000634259848776,0.00794016039534
validation,downside,M4,M0,cluster,-0.00477101966254,-0.00469600634322,-0.00698211095287,-0.00906870827881,-0.00441219737603,-0.00699088031765,-0.00159346528749,-0.0027995570466,0.00549735460214,-0.000538815590517,0.00804578332832
validation,downside,M4,M4_without_mi,customer_id,0.000211277297023,-0.000135838539839,-0.00059751525601,-0.00901731502043,-0.00260582914574,-0.00714324133285,0.00147313657085,0.00109648941094,0.00510406505345,-0.00068152921416,0.00670610697499
validation,downside,M4,M4_without_mi,cluster,0.000211277297023,-0.000115442571899,-0.000605470106276,-0.00906870827881,-0.00249879532269,-0.00739802753288,0.00130506101036,0.00106663757898,0.00549735460214,-0.000510706239596,0.0066935353863
validation,downside,M4_without_mi,M0,customer_id,-0.00498229695956,-0.00540769424148,-0.00694665317834,-0.00714324133285,-0.00295329915301,-0.00661407248767,-0.00202893599509,-0.00292600485683,0.00670610697499,0.00103473608305,0.00794016039534
validation,downside,M4_without_mi,M0,cluster,-0.00498229695956,-0.00544817771671,-0.00734136371721,-0.00739802753288,-0.00280305351226,-0.00699088031765,-0.00220064599944,-0.00293706832941,0.0066935353863,0.000913301741929,0.00804578332832
final,upside,M0,M0,customer_id,0,0,0,-0.0179914449053,0,-0.0179914449053,0,0,-0.0052034965358,0,-0.0052034965358
final,upside,M0,M0,cluster,0,0,0,-0.0182510134846,0,-0.0182510134846,0,0,-0.00513136753832,0,-0.00513136753832
final,upside,M1,M0,customer_id,9.79161471163e-05,-0.000836428257013,-0.000735140791052,-0.0190931782076,-0.00187510462052,-0.0179914449053,0.000727336631461,0.00105657046148,-0.00574745549242,0.000278649878851,-0.0052034965358
final,upside,M1,M0,cluster,9.79161471163e-05,-0.000790163276597,-0.000771187534746,-0.0189247037745,-0.00185520471914,-0.0182510134846,0.000888586443072,0.00105700079281,-0.00621471366511,0.000158115619244,-0.00513136753832
final,upside,M2,M0,customer_id,0.000854198026359,-0.000153476536631,-0.000279201300732,-0.0181105072551,-0.00130758589196,-0.0179914449053,0.00189596818817,0.00205481859109,-0.00506868223068,0.00126213641864,-0.0052034965358
final,upside,M2,M0,cluster,0.000854198026359,-0.00017448720812,-0.000320835314891,-0.0181837409711,-0.00122868632191,-0.0182510134846,0.00175496064202,0.00206731075625,-0.00526793470594,0.00133697090019,-0.00513136753832
final,upside,M3,M0,customer_id,6.89031984291e-05,-0.00100435963305,-0.00120782423626,-0.0188154452054,-0.00216151072359,-0.0179914449053,0.00127346936396,0.00138669476043,-0.00575629695872,0.000972219461513,-0.0052034965358
final,upside,M3,M0,cluster,6.89031984291e-05,-0.00106709550013,-0.00127754319707,-0.0183606809373,-0.00184959555881,-0.0182510134846,0.0010046852222,0.00121745428351,-0.00623133174374,0.00076105295176,-0.00513136753832
final,upside,M3,M1,customer_id,-2.90129486873e-05,-0.000998573396383,-0.00106143632925,-0.0188154452054,-0.000892994523454,-0.0190931782076,0.000917647949296,0.000925325083184,-0.00575629695872,0.00133113548493,-0.00574745549242
final,upside,M3,M1,cluster,-2.90129486873e-05,-0.0009140942416,-0.00105816996332,-0.0183606809373,-0.000629279291063,-0.0189247037745,0.000914186052093,0.00104474827558,-0.00623133174374,0.00119628154631,-0.00621471366511
final,upside,M4,M0,customer_id,-0.00272218713963,-0.00366067086829,-0.00441891728913,-0.0186479355965,-0.00249481739942,-0.0179914449053,-0.000496251767445,-0.000855444056618,-0.00612912319913,0.00118037312997,-0.0052034965358
final,upside,M4,M0,cluster,-0.00272218713963,-0.00359477844383,-0.00480226591498,-0.0184888153184,-0.00245141465261,-0.0182510134846,-0.000608141726777,-0.00090661704498,-0.00652526993905,0.00104010715642,-0.00513136753832
final,upside,M4,M4_without_mi,customer_id,-5.47298921396e-05,-0.000781549142017,-0.00102144602718,-0.0186479355965,-0.00103705114639,-0.0187045057313,0.000854267465013,0.000915120082383,-0.00612912319913,0.000749451311723,-0.00574325535557
final,upside,M4,M4_without_mi,cluster,-5.47298921396e-05,-0.000828707313873,-0.000900046357253,-0.0184888153184,-0.000954790351858,-0.0186142046079,0.000824734604239,0.000688050927144,-0.00652526993905,0.000773887398,-0.00606385345744
final,upside,M4_without_mi,M0,customer_id,-0.00266745724749,-0.00384817824164,-0.00458986526713,-0.0187045057313,-0.00227316972911,-0.0179914449053,-0.000552287722892,-0.000972576638077,-0.00574325535557,0.00117488238963,-0.0052034965358
final,upside,M4_without_mi,M0,cluster,-0.00266745724749,-0.00361235891585,-0.00451595889722,-0.0186142046079,-0.00222391307901,-0.0182510134846,-0.000648775247515,-0.000937922195578,-0.00606385345744,0.00114608920204,-0.00513136753832
final,baseline,M0,M0,customer_id,0,0,0,-0.011981709627,0,-0.011981709627,0,0,0.00158295656662,0,0.00158295656662
final,baseline,M0,M0,cluster,0,0,0,-0.012466857277,0,-0.012466857277,0,0,0.00193712123213,0,0.00193712123213
final,baseline,M1,M0,customer_id,0.000317403945642,-0.000533141644861,-0.000577258889457,-0.0126152628171,-0.00159991749823,-0.011981709627,0.0011689258914,0.00126252593548,0.000994140912847,0.000511323674529,0.00158295656662
final,baseline,M1,M0,cluster,0.000317403945642,-0.000451961109947,-0.00058396211482,-0.0127214464602,-0.00162246202386,-0.012466857277,0.00116969871005,0.00120192139973,0.0014969886565,0.000528384308803,0.00193712123213
final,baseline,M2,M0,customer_id,0.00110514420498,0.000158187532698,-7.98979234276e-05,-0.0127940438309,-0.00209700265357,-0.011981709627,0.00222876356053,0.0023384178179,0.000708005586525,0.000411292840056,0.00158295656662
final,baseline,M2,M0,cluster,0.00110514420498,0.000141167969549,-0.000123090374179,-0.013023134753,-0.00197920059629,-0.012466857277,0.0021981289752,0.00234752776727,0.00153462265719,0.000515069492915,0.00193712123213
final,baseline,M3,M0,customer_id,0.000349915337193,-0.000568244798344,-0.000952287479996,-0.0128378625446,-0.00252726710006,-0.011981709627,0.0017034230815,0.00169092056849,0.000566208180701,0.00028746418135,0.00158295656662
final,baseline,M3,M0,cluster,0.000349915337193,-0.000619922778231,-0.000990433648338,-0.0127501647869,-0.00231772939818,-0.012466857277,0.00148503420277,0.00159863742751,0.000819226782696,0.000347437900015,0.00193712123213
final,baseline,M3,M1,customer_id,3.25113915512e-05,-0.000775369291133,-0.00101672988191,-0.0128378625446,-0.00148936016602,-0.0126152628171,0.00108985813597,0.0011246759474,0.000566208180701,0.000582174102731,0.000994140912847
final,baseline,M3,M1,cluster,3.25113915512e-05,-0.000676932193203,-0.0010158790169,-0.0127501647869,-0.00138457184985,-0.0127214464602,0.00104401222679,0.00104835199772,0.000819226782696,0.000503237078662,0.0014969886565
final,baseline,M4,M0,customer_id,-0.00263972800037,-0.00346887468646,-0.00455547698196,-0.0141268370226,-0.00395728266188,-0.011981709627,-0.000113469786603,-0.000702760957011,-0.000719117923782,-0.000391326590476,0.00158295656662
final,baseline,M4,M0,cluster,-0.00263972800037,-0.0033953504951,-0.00460367736559,-0.0142858430822,-0.00413963837985,-0.012466857277,-4.39106407238e-05,-0.000651633953042,-0.000625435493852,-0.000390800722311,0.00193712123213
final,baseline,M4,M4_without_mi,customer_id,-0.000104461922478,-0.000685965914439,-0.00106258101322,-0.0141268370226,-0.00166243439708,-0.0135437095625,0.00110701039748,0.000860061024156,-0.000719117923782,0.000122569131918,-0.000172169919154
final,baseline,M4,M4_without_mi,cluster,-0.000104461922478,-0.000644604904501,-0.000881815568322,-0.0142858430822,-0.00162360776852,-0.0134820240597,0.00101457029698,0.000657605284498,-0.000625435493852,6.13711384847e-05,0.000365097701869
final,baseline,M4_without_mi,M0,customer_id,-0.0025352660779,-0.00365452948511,-0.00434973653303,-0.0135437095625,-0.00326136885252,-0.011981709627,-0.000268804861218,-0.00071538253807,-0.000172169919154,0.000327957450954,0.00158295656662
final,baseline,M4_without_mi,M0,cluster,-0.0025352660779,-0.00346562152877,-0.00427840753058,-0.0134820240597,-0.00302234931315,-0.012466857277,-0.00039174652129,-0.000744386231108,0.000365097701869,0.000226051328801,0.00193712123213
final,downside,M0,M0,customer_id,0,0,0,-0.00757980723666,0,-0.00757980723666,0,0,0.00767063595756,0,0.00767063595756
final,downside,M0,M0,cluster,0,0,0,-0.00825548219876,0,-0.00825548219876,0,0,0.00717085909821,0,0.00717085909821
final,downside,M1,M0,customer_id,0.000728536697749,-0.000238275492136,-0.00017526414901,-0.00832535246492,-0.00203360516569,-0.00757980723666,0.00145270083525,0.00173163217629,0.00659120088701,0.000143280712654,0.00767063595756
final,downside,M1,M0,cluster,0.000728536697749,-0.000386760434791,-0.00029082202834,-0.00919152182,-0.00223922735051,-0.00825548219876,0.00162411405174,0.00173518726678,0.00690560962103,9.8318545335e-05,0.00717085909821
final,downside,M2,M0,customer_id,0.00140155821827,0.000383624230251,0.000164759036359,-0.00919626064557,-0.00326956762404,-0.00757980723666,0.00254980357971,0.00262487767506,0.00558958760149,-0.000639306660195,0.00767063595756
final,downside,M2,M0,cluster,0.00140155821827,0.000318967162322,0.000143107485654,-0.00984154644589,-0.00324127531757,-0.00825548219876,0.00267943955661,0.00263990794997,0.00576709605074,-0.00065197065784,0.00717085909821
final,downside,M3,M0,customer_id,0.000699772592296,8.6094844203e-05,-0.000619275886487,-0.00986528817782,-0.00409920747505,-0.00757980723666,0.00245437599882,0.00192658099705,0.00504673113227,-0.00111147138988,0.00767063595756
final,downside,M3,M0,cluster,0.000699772592296,2.63312854291e-05,-0.000566117278125,-0.0103856980698,-0.00407994672362,-0.00825548219876,0.002355318606,0.00195922107009,0.00482319803699,-0.00125032482605,0.00717085909821
final,downside,M3,M1,customer_id,-2.87641054523e-05,-0.000334931447613,-0.00113907615416,-0.00986528817782,-0.00285554439112,-0.00832535246492,0.00143540213304,0.00101191513612,0.00504673113227,-0.000498090574343,0.00659120088701
final,downside,M3,M1,cluster,-2.87641054523e-05,-0.00027583301459,-0.00110910485425,-0.0103856980698,-0.00278730471959,-0.00919152182,0.00151166593689,0.00105962726017,0.00482319803699,-0.00049818434475,0.00690560962103
final,downside,M4,M0,customer_id,-0.00207501476779,-0.00160168041723,-0.00406046491974,-0.0127603173084,-0.00747423965969,-0.00757980723666,0.0019607948991,0.000186648509191,0.00218941849787,-0.00335335072648,0.00767063595756
final,downside,M4,M0,cluster,-0.00207501476779,-0.00170810022904,-0.00427134338493,-0.0135027346265,-0.00764175233643,-0.00825548219876,0.00201390461574,0.000201016146757,0.00176943616069,-0.00350709699517,0.00717085909821
final,downside,M4,M4_without_mi,customer_id,-2.53582715609e-05,-0.000120169421037,-0.000990997260376,-0.0127603173084,-0.00295105506545,-0.0109774509072,0.00170294707381,0.000959362595935,0.00218941849787,-0.00104938668748,0.00419732907665
final,downside,M4,M4_without_mi,cluster,-2.53582715609e-05,-2.60744105528e-05,-0.000737222527918,-0.0135027346265,-0.00294001507356,-0.0113007776733,0.00156913943932,0.000752588825343,0.00176943616069,-0.00116824905645,0.00376202901173
final,downside,M4_without_mi,M0,customer_id,-0.00204965649623,-0.00247725519015,-0.00413198461393,-0.0109774509072,-0.00550303631254,-0.00757980723666,0.00104223324743,-0.000135839202766,0.00419732907665,-0.00144746212435,0.00767063595756
final,downside,M4_without_mi,M0,cluster,-0.00204965649623,-0.0023745273284,-0.00399639495954,-0.0113007776733,-0.00515416997539,-0.00825548219876,0.00105782655201,-0.00014887425011,0.00376202901173,-0.0018475849285,0.00717085909821
