cohort,scenario,model,group,n,mae_pp,rmse_pp,realized_bias_pp,conditional_bias_pp
current,baseline,incumbent,all,8695,15.859740442134493,19.31911587846497,-6.289932104003189,-6.34612141145808
current,baseline,incumbent,realized_gt75,1657,19.16850356122108,20.853247588363736,-19.087472664536925,-5.239330471505918
current,baseline,incumbent,predicted_80_100,59,10.618933993030295,15.820218565532596,-0.2588616631349201,1.6628942105314293
current,baseline,incumbent,full_guarantee,329,9.88483162537665,12.10051716331317,-4.407863293735631,-4.002527431551154
current,baseline,original_s2,all,8695,12.73599519885312,16.857717292649387,-0.21738284535335467,-0.2735721528082461
current,baseline,original_s2,realized_gt75,1657,14.854591806451886,16.43378802143397,-14.79908132482304,-0.9509391317920325
current,baseline,original_s2,predicted_80_100,46,12.916464733602739,18.794920151263238,-2.4719144507535695,-2.994691003443841
current,baseline,original_s2,full_guarantee,329,7.321437311540431,9.499894152776458,0.9816643461161586,1.3870002083006352
current,baseline,corrected,all,8695,12.465965733977761,16.84990363339927,0.1576376980087078,0.10144839055381635
current,baseline,corrected,realized_gt75,1657,13.318423983707643,15.436660171876204,-12.882991152099363,0.9651510409316462
current,baseline,corrected,predicted_80_100,297,12.360364903026076,20.573029438343436,4.340917916739237,3.622196177409151
current,baseline,corrected,full_guarantee,329,7.5619460751374765,9.67220592753757,-0.10027346063565017,0.3050624015488262
current,downside,incumbent,all,8695,19.12207574980069,21.949931612651444,-12.633541465232142,-12.675609145056807
current,downside,incumbent,realized_gt75,2564,23.20994249326268,24.85414003956911,-23.19077416941103,-12.078999788994512
current,downside,incumbent,predicted_80_100,59,10.79245371101753,12.908433307141712,-7.704350688419429,-4.0926471695238495
current,downside,incumbent,full_guarantee,329,12.49423651941214,15.300724223161094,-9.374178688501466,-9.91933839918604
current,downside,original_s2,all,8695,13.020966721217327,16.899936536099037,-2.273881417922321,-2.315949097746985
current,downside,original_s2,realized_gt75,2564,13.99202883340779,15.613975449065833,-13.906231667429376,-2.794457287012856
current,downside,original_s2,predicted_80_100,261,13.82956546126233,19.456394632194044,-2.832910671730064,-3.5086796707191525
current,downside,original_s2,full_guarantee,329,7.906353196272198,10.602880814326424,-0.8284868605928624,-1.3736465712774366
current,downside,corrected,all,8695,12.134720965849194,16.660396070108145,-0.42795320558074573,-0.47002088540540965
current,downside,corrected,realized_gt75,2564,11.389970495566944,13.504975815813733,-10.700285028091864,0.41148935232465667
current,downside,corrected,predicted_80_100,830,12.22793255924762,20.27346649891784,3.0734496329806653,2.4835919026512503
current,downside,corrected,full_guarantee,329,8.137414193179152,10.783265688076725,-0.13127046806320333,-0.6764301787477776
current,upside,incumbent,all,8695,14.716463231257896,18.53170604241654,-3.5772393406712144,-3.722575121381555
current,upside,incumbent,realized_gt75,1305,17.51968662016381,19.247906917650145,-17.4472758322346,-2.0791128349522006
current,upside,incumbent,predicted_80_100,59,12.475761874665222,18.852102340513007,0.795219493139402,4.18617202074745
current,upside,incumbent,full_guarantee,329,9.491713048918813,12.094958129468154,-1.1379837024968262,-1.6094825322536404
current,upside,original_s2,all,8695,12.648202670870829,16.64052525976399,0.4624251857981587,0.31708940508781813
current,upside,original_s2,realized_gt75,1305,15.628115933439284,17.24184801166555,-15.597872105706468,-0.22970910842407366
current,upside,original_s2,predicted_80_100,18,9.6617311197742,10.97304946940668,-8.835289518159067,-2.7630545838341805
current,upside,original_s2,full_guarantee,329,8.236723074085768,10.747896592214342,2.6446436268053,2.1731447970484856
current,upside,corrected,all,8695,12.536740157714984,16.58615585474506,-0.21636620712352175,-0.36170198783386237
current,upside,corrected,realized_gt75,1305,14.938279027446203,17.025563326284512,-14.72889364975778,0.6392693475246182
current,upside,corrected,predicted_80_100,111,10.20729242102684,17.384330607455713,1.7818223926325747,3.061576463087031
current,upside,corrected,full_guarantee,329,7.9978509475378825,10.426798186555317,-0.08270976985897022,-0.5542085996157846
promotion,baseline,incumbent,all,6000,14.417426370013487,18.515691756060974,-2.6794524213747772,-2.7250635782834802
promotion,baseline,incumbent,realized_gt75,908,18.804596851630844,20.74688056433697,-18.716460417073556,-4.441022211457463
promotion,baseline,incumbent,predicted_80_100,51,14.60103595051362,22.90524721511386,4.108778204934207,4.204602499186626
promotion,baseline,incumbent,full_guarantee,233,10.130779756932105,13.07667527132072,1.7864030698463027,1.4819891208632519
promotion,baseline,original_s2,all,6000,12.65989438208063,16.575868284959615,0.37805547562798847,0.33244431871928576
promotion,baseline,original_s2,realized_gt75,908,15.901145285570387,17.505558303550956,-15.861602687812596,-1.5861644821965084
promotion,baseline,original_s2,predicted_80_100,41,15.497804860495442,20.02594774292399,-4.6569207987252845,-3.905301868216361
promotion,baseline,original_s2,full_guarantee,233,8.857351129092649,11.275620334101816,4.10312909096974,3.79871514198669
promotion,baseline,corrected,all,6000,12.274298229793065,16.395075618143874,0.28533353984246207,0.23972238293375947
promotion,baseline,corrected,realized_gt75,908,14.332610642882502,16.459823940460733,-13.921065398915974,0.35437280670011406
promotion,baseline,corrected,predicted_80_100,186,13.854488403158385,21.8261330779616,4.555673867670547,2.6265068351776586
promotion,baseline,corrected,full_guarantee,233,7.945774588676169,9.990869067061517,1.6498173472153363,1.3454033982322855
promotion,downside,incumbent,all,6000,16.904047993679153,20.353408350662143,-8.812150235769407,-8.879629098560834
promotion,downside,incumbent,realized_gt75,1478,22.27568934474345,24.160826468813855,-22.252440207856974,-10.906253547858473
promotion,downside,incumbent,predicted_80_100,51,16.200654717164685,23.51929934881081,-1.2507109825904168,-1.7403760236198071
promotion,downside,incumbent,full_guarantee,233,9.84764293547323,12.543491637529042,-4.1429946181707304,-4.00771197750951
promotion,downside,original_s2,all,6000,12.763278914217926,16.750666784658318,-1.0067874076299268,-1.0742662704213564
promotion,downside,original_s2,realized_gt75,1478,14.830514771989833,16.426204566169353,-14.768601140409263,-3.4224144804107635
promotion,downside,original_s2,predicted_80_100,126,12.89522498553869,17.022178868732304,-6.551335828231264,-4.735847956392735
promotion,downside,original_s2,full_guarantee,233,7.899397507629442,10.064773372468029,2.1964475799478014,2.3317302206090216
promotion,downside,corrected,all,6000,11.872689623893168,16.398156265536308,0.3172797197455344,0.24980085695410492
promotion,downside,corrected,realized_gt75,1478,11.718268022011268,13.89576898070771,-10.992845631892155,0.353341028106346
promotion,downside,corrected,predicted_80_100,490,11.220616763432925,18.768932917765714,2.1996266109881923,2.1548932625670933
promotion,downside,corrected,full_guarantee,233,7.72273944205408,9.82267073619673,1.1455829342128598,1.2808655748740803
promotion,upside,incumbent,all,6000,13.652435074483508,18.101336700299868,-0.5545302574679059,-0.38926243381063336
promotion,upside,incumbent,realized_gt75,772,17.5950889659681,19.536310240685477,-17.476364370281363,-1.9607966943968804
promotion,upside,incumbent,predicted_80_100,51,13.695291847366455,21.73000834775942,6.2092516553194805,6.5891731842589385
promotion,upside,incumbent,full_guarantee,233,8.869015964322955,11.487825877604784,3.0665161842308426,3.4907815788232135
promotion,upside,original_s2,all,6000,12.558390080162752,16.293829914745256,0.34948363946976496,0.5147514631270375
promotion,upside,original_s2,realized_gt75,772,17.060350355359923,18.74888651493956,-17.040823313816908,-1.5252556379324231
promotion,upside,original_s2,predicted_80_100,16,10.310135791123628,15.421215475105598,-3.186273586577842,-3.777212875351522
promotion,upside,original_s2,full_guarantee,233,7.374078698269909,9.814174416452353,3.692891863538898,4.117157258131269
promotion,upside,corrected,all,6000,12.124796400684664,16.095325681027067,0.10652926472023633,0.2717970883775088
promotion,upside,corrected,realized_gt75,772,15.396766924945096,17.719577140433167,-15.153130795333855,0.36243688055062834
promotion,upside,corrected,predicted_80_100,101,10.785164584718043,17.557902515611325,0.9385295659428783,2.9825918384328056
promotion,upside,corrected,full_guarantee,233,7.284065594931222,9.213202450575166,0.7722496076137095,1.1965150022060804
