cohort,model,target,intercept,slope
final,frozen_v5,conditional_mean,0.0832439587038011,0.8145588125611695
final,frozen_v5,realized,0.10125342597466425,0.7743278735834788
final,s1_same_spec,conditional_mean,-0.0008908310885328014,0.9135645691763156
final,s1_same_spec,realized,0.02280389240390099,0.8656976535598123
final,s1_captured_features,conditional_mean,-0.033111751990386275,1.0409144611301508
final,s1_captured_features,realized,-0.0007424752993118989,0.9729370631539467
final,governed_v5_8000,conditional_mean,0.09753489864298856,0.8123413894670981
final,governed_v5_8000,realized,0.11536928418030719,0.7711697269127655
selection,frozen_v5,conditional_mean,0.10846716337539283,0.7989923101173393
selection,frozen_v5,realized,0.10932569354481081,0.7938240580935224
selection,s1_same_spec,conditional_mean,0.06003472250237557,0.8310344802476749
selection,s1_same_spec,realized,0.05222945574173533,0.8415550459791659
selection,s1_captured_features,conditional_mean,-0.03198389643895039,1.0488294267905187
selection,s1_captured_features,realized,-0.026235387721943077,1.0346058786789145
selection,governed_v5_8000,conditional_mean,0.12429734425896509,0.7955524081723445
selection,governed_v5_8000,realized,0.1219470701634973,0.7965076233204863
development,frozen_v5,conditional_mean,0.133899856727519,0.8006239396356831
development,frozen_v5,realized,0.1398647304731384,0.7945097868332778
development,s1_same_spec,conditional_mean,-0.0369520323130857,1.0612764028043873
development,s1_same_spec,realized,-0.07376643791331967,1.1321418433094743
development,s1_captured_features,conditional_mean,-0.022229811004174736,1.0348214921904217
development,s1_captured_features,realized,-0.05871848244874851,1.1050978455047353
development,governed_v5_8000,conditional_mean,0.1478581992083272,0.7997537320944932
development,governed_v5_8000,realized,0.15345201235697348,0.7941650892691274
current,frozen_v5,conditional_mean,0.20488040621860945,0.7961951210276542
current,s1_same_spec,conditional_mean,0.172350742723948,0.798606709147624
current,s1_captured_features,conditional_mean,-0.05115408850976985,1.1115768408383464
current,governed_v5_8000,conditional_mean,0.21566277962426067,0.8045961017720072
