cohort,industry,context,n,seen_in_development,governed_bias,enhanced_bias,targeted_bias
development,Construction,0,319,True,0.005366674207776724,0.020665850926325977,0.013179782406225474
development,Hospitality,0,183,True,0.012749002677219168,0.010701315398676166,0.014996793285349214
development,Manufacturing,0,343,True,0.01445195057317289,0.00862824488381985,0.01262868172667586
development,Retail,1,367,True,-0.15700802335514424,-0.01531158676491419,-0.015255658280183684
development,Services,0,435,True,0.00793316065046266,0.01081849156817667,0.012338091296595405
development,Technology,1,139,True,-0.15013879658824156,-0.022762590766112922,-0.02621952529834888
development,Transport,1,147,True,-0.15292216437308023,-0.013881451369824212,-0.013778908356879577
selection,Construction,0,147,True,0.005050275163294534,0.020389817006672944,0.011973660040453141
selection,Hospitality,0,87,True,0.006578731411113136,0.005068205322324226,0.005826390030853658
selection,Manufacturing,1,185,False,-0.15792468662783557,-0.031381899310392446,-0.028264404602944458
selection,Retail,0,214,False,0.012328921557460305,0.013113149122980807,0.01417716013512308
selection,Services,0,218,True,0.013436062363372046,0.011132899502309538,0.014920586198041232
selection,Technology,0,91,False,0.016939722960958685,0.015082379171119318,0.01340637469840579
selection,Transport,0,113,False,-0.004624788409501957,0.01711419343380796,0.019486979365013663
final,Construction,0,152,True,0.013065187473609744,0.028140223352672862,0.01364829614260509
final,Hospitality,1,88,False,-0.16068549326196327,-0.03009461378549302,-0.019098323319820098
final,Manufacturing,0,174,True,0.019353567308495176,0.011095323975132158,0.015508356275167029
final,Retail,0,225,False,0.010269287822043475,0.017044368100802326,0.020052055256445815
final,Services,0,225,True,0.01253641231255371,0.007099089052379279,0.009331091110526754
final,Technology,0,73,False,0.0029372504319982156,0.021196067492378554,0.016535954496406893
final,Transport,0,80,False,0.008684170119286181,0.018782261153659125,0.013958228047879728
current,Construction,1,1077,False,-0.15920936618180107,-0.01745444367552876,-0.02463038685560971
current,Hospitality,1,668,False,-0.15445885276925644,-0.02619731689710245,-0.02652260465519028
current,Manufacturing,1,1661,False,-0.15542162061123066,-0.023858771143679028,-0.024499049036193186
current,Retail,1,1629,True,-0.1541080639705704,-0.019320166748107392,-0.02369551732369474
current,Services,1,2128,False,-0.15627482574824583,-0.01845471430393045,-0.02355396469190006
current,Technology,0,644,False,0.010698452599977136,0.027461324705366823,0.022345831574272376
current,Transport,0,888,False,0.010428781502252484,0.023204974933091746,0.021202093240967654
