cohort,model,group,n,borrowers,small_sample,mean_prediction,mean_conditional,model_bias,model_bias_ci_low,model_bias_ci_high,conditional_rmse,conditional_outcome_sd,expected_rmse,mean_mc_se,ead_weighted_model_bias,mean_realized,bias,realization_bias,mae,rmse,identity_error,bias_ci_low,bias_ci_high
development,targeted_context_rate,all,1933,1115,False,0.5582740262637818,0.5554914959113169,0.002782530352464796,0.00021634483007821302,0.005348715874851379,0.04458227550548267,0.159725736478427,0.16583090840619147,5.6764785133230125e-05,0.004002257868332544,0.5582367860614732,3.7240202308574796e-05,-0.0027452901501562213,0.10081780148253582,0.14190433020468582,0.0,-0.008554943796157942,0.008629424200775093
development,targeted_context_rate,realized_gt60,970,609,False,0.6731755900331721,0.6726197902631067,0.0005557997700652397,-0.002868169203121231,0.003979768743251711,0.04154794939003069,0.18459374280075316,0.18921173848286255,9.260856068495474e-05,0.0005321040687523113,0.7545466509929134,-0.08137106095974138,-0.08192686072980661,0.08957858656815099,0.10788380553121864,1.3877787807814457e-17,-0.08732230675457722,-0.07541981516490553
development,targeted_context_rate,realized_gt75,454,285,False,0.7337977616626336,0.7360608187854769,-0.002263057122843497,-0.007429472710309101,0.0029033584646221077,0.0424196191969871,0.19379579384735518,0.19838405632949438,0.00014211386354665706,-0.0011145034350911406,0.8441167751693325,-0.11031901350669913,-0.10805595638385564,0.11244977701681196,0.12959797541517606,0.0,-0.11855702207951356,-0.10208100493388471
development,targeted_context_rate,realized_gt90,90,57,False,0.8078570209324925,0.8150875854765544,-0.007230564544061939,-0.01653020019695528,0.0020690711088314035,0.035574977650826886,0.18369079506147254,0.18710394764721755,0.00030254234250075686,-0.008193389522712083,0.9416555126890555,-0.1337984917565631,-0.12656792721250115,0.13397535360849736,0.15360205745233957,2.7755575615628914e-17,-0.1545006735471914,-0.1130963099659348
development,targeted_context_rate,realized_le10,46,34,False,0.12223852198682142,0.10537180583518327,0.016866716151638147,0.005495384312842714,0.028238047990433578,0.041492107989967934,0.05455532511402606,0.06854107180186375,0.00012568349771059403,0.031933739310320536,0.06467676382414347,0.057561758162677945,0.040695042011039795,0.06979043861103264,0.08772917819720114,0.0,0.037415434722921276,0.07770808160243461
development,targeted_context_rate,predicted_0.0_0.2,63,47,False,0.12117295194227369,0.10608076694044484,0.015092185001828844,0.006054500793349911,0.024129869210307776,0.037624308739249636,0.05305582649732102,0.06504236568130196,0.00010444384115691664,0.02648791012869284,0.10269080915641587,0.01848214278585782,0.003389957784028975,0.04015043328502388,0.048138951372554806,1.3010426069826053e-18,0.006358771315697799,0.03060551425601784
development,targeted_context_rate,predicted_0.2_0.4,271,215,False,0.3197162011451662,0.30414426061851313,0.015571940526652997,0.009393819633872046,0.021750061419433947,0.04819182538129779,0.08320279413495035,0.09615173937815388,7.897202815641519e-05,0.017715059906639758,0.2865960714083483,0.033120129736817834,0.017548189210164832,0.06527802246880629,0.08083658079843424,3.469446951953614e-18,0.02344213624662749,0.04279812322700818
development,targeted_context_rate,predicted_0.4_0.6,717,517,False,0.5118022269466777,0.5077554925804663,0.0040467343662114194,-5.78915313156278e-05,0.008151360263738467,0.046046123590496146,0.1449101544460785,0.15204998638374673,8.455888885717538e-05,0.006145660569336456,0.5019639667844936,0.009838260162183976,0.005791525795972554,0.10253708681094058,0.13862856108375324,2.6020852139652106e-18,-0.0033633448863783083,0.02303986521074626
development,targeted_context_rate,predicted_0.6_0.8,767,508,False,0.6793452961054044,0.6826686993550738,-0.003323403249669474,-0.007463022673074599,0.000816216173735652,0.04445903151375355,0.19384858207518502,0.19888156841623278,0.00010936666592118913,-0.004292877785687083,0.6970447438518096,-0.017699447746405333,-0.014376044496735851,0.11979538269095,0.16752678136574234,8.673617379884035e-18,-0.033090014082871745,-0.0023088814099389236
development,targeted_context_rate,predicted_0.8_1.0,115,70,False,0.8421449343615112,0.8434025918797792,-0.0012576575182680824,-0.0076541164821243195,0.005138801445588154,0.02752891843524343,0.17153745924589792,0.17373238407030614,0.00024993672740644343,0.0015694218021611612,0.8729840731260086,-0.030839138764497568,-0.029581481246229488,0.0805116444550925,0.1216698356593488,3.469446951953614e-18,-0.05841207763441078,-0.003266199894584352
development,targeted_context_rate,conditional_0.0_0.2,83,60,False,0.14925209227211347,0.11753013223309919,0.031721960039014264,0.0228727906590075,0.04057112941902103,0.05015383154996729,0.06080955234569982,0.07882390802051684,0.00010429242989890305,0.040549600261383434,0.1180898787609675,0.031162213511146026,-0.0005597465278682515,0.050917103952229086,0.06433701230421564,1.2902005852577503e-17,0.017533003635098764,0.04479142338719329
development,targeted_context_rate,conditional_0.2_0.4,297,240,False,0.34505741517945565,0.3207539600107725,0.024303455168683097,0.018595643894219114,0.03001126644314708,0.05012325695540052,0.08756625759083307,0.10089692936993296,7.939233782408647e-05,0.028463532829019738,0.3196704761170684,0.025386939062387284,0.0010834838937041871,0.06713642991699105,0.08359182511962389,4.336808689942018e-19,0.015297106862519517,0.03547677126225505
development,targeted_context_rate,conditional_0.4_0.6,690,509,False,0.5241914237382651,0.512919506230499,0.011271917507766068,0.007938867672803464,0.014604967342728672,0.03918967279329112,0.1543940568554634,0.1592901605433722,9.183877020052536e-05,0.007944499491260956,0.5291685603221565,-0.004977136583891451,-0.016249054091657517,0.09532509565933449,0.13036957273659014,3.469446951953614e-18,-0.0174332192968595,0.007478946129076597
development,targeted_context_rate,conditional_0.6_0.8,720,480,False,0.6750550567749873,0.6860853258821561,-0.011030269107168793,-0.015170833593765972,-0.006889704620571616,0.04401196333848139,0.18957656032807077,0.19461840905405245,0.00011039220724847638,-0.008521309306284516,0.6835894639569293,-0.008534407181941862,0.0024958619252269288,0.12307610663861424,0.1690148726934673,3.0357660829594124e-18,-0.02457357216502979,0.007504757801146067
development,targeted_context_rate,conditional_0.8_1.0,143,87,False,0.8149789758294587,0.8451065773694563,-0.03012760153999768,-0.04012291789654238,-0.020132285183452975,0.055004490805512424,0.1755482922896086,0.18396384681390948,0.0002293763387462062,-0.02711455903111796,0.8183034646267204,-0.003324488797261701,0.026803112742735977,0.11416823893438664,0.17159680848290848,0.0,-0.042048246238244116,0.03539926864372071
development,targeted_context_rate,conditional_gt60,863,548,False,0.6982405960852879,0.712435313092682,-0.014194717007394208,-0.018115564908697,-0.010273869106091413,0.046015309853749645,0.18732469138140118,0.19289362027312823,9.96344789443552e-05,-0.01137588039090256,0.7059117143576014,-0.007671118272313519,0.006523598735080688,0.12160006367024281,0.16944542159885212,0.0,-0.022605993725115216,0.0072637571804881765
development,targeted_context_rate,conditional_gt75,260,169,False,0.7853460734366376,0.8123071516291444,-0.026961078192506666,-0.03412875937413065,-0.019793397010882677,0.05226922251639997,0.17924742015629744,0.18671290596838014,0.00017369457956942428,-0.02556634898911222,0.8031100401038577,-0.0177639666672201,0.009197111525286567,0.1160624165178346,0.16708437228979164,1.734723475976807e-18,-0.044687803287674535,0.009159869953234333
development,targeted_context_rate,collateral_type:Cash,185,108,False,0.27328950854908024,0.24102184950882688,0.03226765904025334,0.02505472488299988,0.039480593197506804,0.05180260309554256,0.09167579631130034,0.10529938896681854,0.00010531466553149931,0.03925886848556657,0.2571506348151011,0.01613887373397916,-0.016128785306274176,0.06483065252683388,0.08082638059685575,3.469446951953614e-18,0.001331872843276535,0.030945874624681784
development,targeted_context_rate,collateral_type:Mortgage,611,365,False,0.49746301033342405,0.5014729640607578,-0.004009953727333772,-0.007505926266546859,-0.0005139811881206854,0.03722138755673558,0.10156432868150644,0.10816997990280751,6.420082710562068e-05,-0.003681595809354538,0.4978123315258789,-0.0003493211924549018,0.0036606325348788682,0.06908801828240815,0.08970778566404083,2.168404344971009e-18,-0.009725817935546693,0.009027175550636889
development,targeted_context_rate,collateral_type:Other,403,226,False,0.574162302745619,0.5748175510480907,-0.0006552483024717284,-0.006345882967790047,0.005035386362846591,0.04650603409958526,0.15549805403749126,0.16230359212635542,0.00012102984062915946,0.0008425766228727228,0.5767217382169695,-0.002559435471350466,-0.001904187168878735,0.10590759885084763,0.1402354073757591,2.8189256484623115e-18,-0.021629139645870092,0.016510268703169156
development,targeted_context_rate,collateral_type:Unsecured,734,416,False,0.6719997634415582,0.6691070372260751,0.002892726215483139,-0.0017226831526236238,0.007508135583589902,0.0470872254791804,0.20786123931385037,0.213127899657499,0.00011987966161064039,0.0024382609357710347,0.6742733582456174,-0.0022735948040592466,-0.005166321019542384,0.1335062643608099,0.18408593801117698,1.734723475976807e-18,-0.02037448100344425,0.01582729139532576
development,targeted_context_rate,lien_rank:First,654,577,False,0.43018947382100403,0.41816726708553764,0.012022206735466376,0.008438655333809695,0.015605758137123057,0.04417607459061842,0.11298076950664314,0.12131026273382277,6.902965140291221e-05,0.012415920581057631,0.4231324496623477,0.007057024158656289,-0.004965182576810087,0.07426025373831596,0.09800196050333221,0.0,-0.0008997656674675286,0.015013813984780106
development,targeted_context_rate,lien_rank:Second,545,427,False,0.5588109183905501,0.5672644102728348,-0.00845349188228474,-0.012318393776662374,-0.004588589987907107,0.04149197451201425,0.1303051652492342,0.13675167289483467,8.721343785140133e-05,-0.009055934717274249,0.564085211789668,-0.005274293399117891,0.0031791984831668492,0.08866239684412588,0.11940002948016464,4.336808689942018e-19,-0.01717422074973518,0.006625633951499401
development,targeted_context_rate,lien_rank:Unsecured,734,416,False,0.6719997634415582,0.6691070372260751,0.002892726215483139,-0.0017226831526236238,0.007508135583589902,0.0470872254791804,0.20786123931385037,0.213127899657499,0.00011987966161064039,0.0024382609357710347,0.6742733582456174,-0.0022735948040592466,-0.005166321019542384,0.1335062643608099,0.18408593801117698,1.734723475976807e-18,-0.02037448100344425,0.01582729139532576
development,targeted_context_rate,product_type:Financial Guarantee,81,81,False,0.5558633588559342,0.5642651982133802,-0.008401839357445897,-0.018945007518367633,0.0021413288034758376,0.04884082598565852,0.15735124874480952,0.16475691719776833,0.0002731792512930672,-0.0018165157266311128,0.5450239535189816,0.010839405336952657,0.019241244694398554,0.11067887761411468,0.14913690044674144,0.0,-0.02175522551007269,0.043434036183978
development,targeted_context_rate,product_type:Import LC,181,181,False,0.5754756568806831,0.5821652154740141,-0.006689558593330926,-0.014026230080015002,0.0006471128933531502,0.05066387435298749,0.16661314983187503,0.17414582929646677,0.0001935040296216135,0.0017426410731935164,0.5708766226702469,0.004599034210436209,0.011288592803767135,0.11118457625271938,0.15616295171040429,1.734723475976807e-18,-0.018204880659572063,0.02740294908044448
development,targeted_context_rate,product_type:OVD,637,637,False,0.580709148649927,0.5802349686969371,0.0004741799529899434,-0.002872945063053101,0.0038213049690329877,0.043069590498273885,0.16244541619141728,0.16805803422416848,0.00010056752705052077,-1.290482849364479e-05,0.5856053066340278,-0.004896157984100739,-0.005370337937090683,0.1007875979744787,0.1401620231350175,8.673617379884035e-19,-0.015782769725997698,0.005990453757796219
development,targeted_context_rate,product_type:Performance Guarantee,150,150,False,0.5663293302502209,0.5638605192143009,0.002468811035920012,-0.004190873385608112,0.009128495457448135,0.04154882501873752,0.15367943871163595,0.15919696838558559,0.0001960605254170943,0.0015145527796648227,0.5819396830161014,-0.0156103527658804,-0.018079163801800413,0.08717547854365644,0.12102704004239356,0.0,-0.03488127073049078,0.0036605651987299762
development,targeted_context_rate,product_type:Term Loan,884,884,False,0.5374395244090714,0.5299761579167435,0.0074633664923279075,0.004575663427801618,0.010351069556854197,0.04441170531263352,0.15751587738267517,0.16365711471369082,8.277862917014277e-05,0.006745634852718082,0.5331160245929688,0.004323499816102476,-0.003139866676225431,0.10012827057235837,0.1426861441416986,4.336808689942018e-19,-0.00508364997036172,0.013730649602566671
development,targeted_context_rate,industry:Construction,319,183,False,0.5053616417619405,0.49218185935571496,0.013179782406225474,0.008443711390738568,0.017915853421712383,0.0365343632604067,0.1611383943669286,0.16522815086417675,0.0001409690316148323,0.012712740543906267,0.5213830564198744,-0.016021414657933802,-0.029201197064159273,0.09301398941791544,0.1270540586173863,3.469446951953614e-18,-0.03477188516296375,0.0027290558470961443
development,targeted_context_rate,industry:Hospitality,183,110,False,0.5118622627326143,0.4968654694472652,0.014996793285349214,0.007970260233265768,0.02202332633743266,0.04156581674449971,0.1587135662316702,0.16406618550942206,0.00018331944398047815,0.022363835335302222,0.4943418255695246,0.017520437163089736,0.0025236438777405234,0.08866061607970428,0.12605938508946085,1.734723475976807e-18,-0.00653461653626251,0.041575490862441986
development,targeted_context_rate,industry:Manufacturing,343,190,False,0.5265523074238763,0.5139236256972005,0.01262868172667586,0.0075907444005148495,0.01766661905283687,0.03875703303656805,0.1655693913017915,0.17004508503877253,0.00013968604403981943,0.012826078817383077,0.5190671900881502,0.007485117335726151,-0.00514356439094971,0.10562285577444737,0.14657540127516921,1.734723475976807e-18,-0.013763433716987745,0.028733668388440048
development,targeted_context_rate,industry:Retail,367,214,False,0.6398340540608686,0.6550897123410523,-0.015255658280183684,-0.022532039620464794,-0.007979276939902573,0.0547358156811159,0.15482143356673156,0.16421231930015168,0.00012627520387688688,-0.01402674054872563,0.6430612820129443,-0.0032272279520757833,0.012028430328107905,0.10085127286973693,0.14380204779537525,5.204170427930421e-18,-0.023643765815794353,0.01718930991164279
development,targeted_context_rate,industry:Services,435,252,False,0.512042780769726,0.4997046894731306,0.012338091296595405,0.00813919596608221,0.0165369866271086,0.038599101672915935,0.15912391163379502,0.1637385412894469,0.00011920949377688527,0.01125414538789697,0.5026171729227324,0.009425607846993618,-0.0029124834496017846,0.10270218449021688,0.1497907456211374,2.168404344971009e-18,-0.009942713298917353,0.02879392899290459
development,targeted_context_rate,industry:Technology,139,76,False,0.6576445634692045,0.6838640887675536,-0.02621952529834888,-0.036337634470847646,-0.016101416125850115,0.05598934656870533,0.16257593460016712,0.1719469145995601,0.00021546110618786575,-0.019538883568102457,0.6703972566304748,-0.012752693161270172,0.013466832137078706,0.11732477437820099,0.15692595418254562,3.469446951953614e-18,-0.04723526447388194,0.021729878151341593
development,targeted_context_rate,industry:Transport,147,90,False,0.6441142294012517,0.6578931377581313,-0.013778908356879577,-0.024672252261002364,-0.0028855644527567906,0.0522572905870656,0.1550645661401576,0.16363326095796152,0.00019983609152408668,-0.004433035358716228,0.6559097468547892,-0.011795517453537371,0.001983390903342202,0.10040683219862312,0.1361622664533851,4.336808689942018e-18,-0.04018787559711996,0.016596840690045217
development,targeted_context_rate,guarantee:zero,1565,1014,False,0.5827591993597404,0.5825838469233215,0.00017535243641894152,-0.002681938754920113,0.003032643627757996,0.04447767547713969,0.16800799289036802,0.17379571137084973,6.635792520826498e-05,0.0014811136708791266,0.5845279589898297,-0.0017687596300892182,-0.001944112066508161,0.10866669181629449,0.15112775798555458,1.3010426069826053e-18,-0.01168787106964021,0.008150351809461772
development,targeted_context_rate,guarantee:partial,296,276,False,0.4724415994090582,0.458958030954723,0.013483568454335315,0.008590106389854413,0.018377030518816218,0.04447472430093991,0.12484282542359625,0.13252823156366023,0.00011338034116874691,0.016158978554868003,0.4694415867630787,0.0030000126459795067,-0.010483555808355808,0.06832265440993832,0.09455994271850492,0.0,-0.008275288887020081,0.014275314178979093
development,targeted_context_rate,guarantee:full,72,68,False,0.3789282270113204,0.363468944430271,0.015459282581049366,0.005074342277357601,0.02584422288474113,0.04721697570529496,0.08556653374097532,0.09772959884906868,0.0001575642610699727,0.015560720941846738,0.3518158604982347,0.02711236651308569,0.011653083932036325,0.06380460927637634,0.08610622908657316,0.0,0.007300547850732864,0.04692418517543852
development,targeted_context_rate,coverage:0-0.5,868,490,False,0.6626533929757558,0.6611334473255505,0.0015199456502052872,-0.0026843366815747704,0.005724227981985345,0.04708171750391613,0.20233427869605436,0.20773985765512396,0.00010730738929075047,0.0016629024963332934,0.6641555013308689,-0.0015021083551131663,-0.0030220540053184533,0.13076035814918552,0.18003046160060815,4.336808689942018e-19,-0.017872608112904063,0.01486839140267773
development,targeted_context_rate,coverage:0.5-1,693,402,False,0.4946694851974316,0.48985720909306774,0.004812276104363801,0.0006602759916563032,0.008964276217071299,0.04319317852534583,0.12461137603427774,0.1318849715027401,7.39624179494514e-05,0.006919553502658192,0.49619902284110573,-0.0015295376436740653,-0.006341813748037866,0.08525563095618206,0.1118726070651803,8.673617379884035e-19,-0.01284564418851749,0.00978656890116936
development,targeted_context_rate,coverage:1-inf,372,223,False,0.43321127533095166,0.43126393391532764,0.0019473414156240536,-0.0026794911040592924,0.006574173935307399,0.04098942822526995,0.09008963913195073,0.09897614008012064,7.298328435587954e-05,0.00408127192739384,0.4266634663245892,0.006547809006362454,0.0046004675907384005,0.05994265360111423,0.07546562309872147,0.0,-0.0030108269481625843,0.016106444960887492
development,targeted_context_rate,ead:0-100000,412,325,False,0.5564626692577558,0.5593838247746195,-0.0029211555168637336,-0.008264449777163098,0.002422138743435631,0.04951944339976073,0.1560006400216718,0.1636715459748375,0.00012008749845759286,9.587306947103524e-06,0.5545508637389371,0.0019118055188185803,0.004832961035682316,0.10297080321169404,0.1424731574533725,1.734723475976807e-18,-0.013674796879345346,0.017498407916982508
development,targeted_context_rate,ead:100000-500000,1023,764,False,0.5571266414577333,0.5509351791299065,0.006191462327826637,0.0031796383422686204,0.009203286313384655,0.043123537505833094,0.15932249836531948,0.1650554390875509,7.783220194264926e-05,0.005824098961600808,0.5580173742183476,-0.00089073276061436,-0.0070821950884409944,0.10025232377968962,0.14197184700558635,2.6020852139652106e-18,-0.011387972861803245,0.009606507340574525
development,targeted_context_rate,ead:500000-inf,498,387,False,0.5621295558683407,0.5616309990753774,0.0004985567929631715,-0.0039370263209794355,0.0049341399069057785,0.0431975790856157,0.16355304492822864,0.1691615480661997,0.00011451542483554021,0.003285703781102761,0.5617369031546504,0.00039265271369017814,-0.00010590407927299182,0.10019821710020335,0.1412927459095486,1.5449880957918438e-18,-0.014219108610684811,0.015004414038065168
selection,targeted_context_rate,all,1055,618,False,0.5357443324627708,0.5293493391613708,0.006394993301399956,0.0028286151376017573,0.009961371465198154,0.04501466251754743,0.16140906225536256,0.16756850903354184,7.764646895702254e-05,0.006434247670340419,0.5274854086396781,0.008258923823092687,0.0018639305216927354,0.12492071844311982,0.173346805443798,4.119968255444917e-18,-0.006147261389403202,0.022665109035588576
selection,targeted_context_rate,realized_gt60,470,317,False,0.6492730272599183,0.6543871091128725,-0.005114081852953908,-0.010688345016800542,0.0004601813108927261,0.045652505516962816,0.1911089300960941,0.1964860667387133,0.00013773746261457398,-0.006379987105256626,0.7519924428958851,-0.10271941563596668,-0.09760533378301275,0.10884158856576222,0.12948766439497533,1.3877787807814457e-17,-0.11204596397537032,-0.09339286729656303
selection,targeted_context_rate,realized_gt75,216,149,False,0.6927788156327466,0.7056387994220991,-0.012859983789352535,-0.020516904483825822,-0.0052030630948792485,0.04619744329320745,0.1991229541443453,0.20441172822027642,0.00021169688963943196,-0.017042325900050653,0.8371509894047917,-0.144372173772045,-0.13151218998269248,0.14540003960172806,0.16101641243341952,2.7755575615628914e-17,-0.15691394075390827,-0.13183040679018174
selection,targeted_context_rate,realized_gt90,34,27,True,0.7513817115487874,0.7716666103938199,-0.020284898845032567,-0.03426872531754439,-0.006301072372520743,0.04210147262059412,0.1952569330614564,0.19974434636652094,0.0005232232462391395,-0.030586314993558506,0.9410380141153236,-0.18965630256653612,-0.16937140372150353,0.18965630256653612,0.20623430382676214,2.7755575615628914e-17,-0.22070488489508827,-0.15860772023798397
selection,targeted_context_rate,realized_le10,25,20,True,0.18397895451530755,0.148605525892411,0.03537342862289654,0.013989025059691546,0.05675783218610153,0.06388969553510541,0.082111912343075,0.10403970080793822,0.000256599726072104,0.05396488126588032,0.066425059603732,0.11755389491157552,0.08218046628867899,0.13774952158229392,0.20376429699797002,1.3877787807814457e-17,0.036966965014279804,0.19814082480887124
selection,targeted_context_rate,predicted_0.0_0.2,35,26,True,0.13459443413042793,0.11482209380614675,0.019772340324281212,0.004795885090435239,0.03474879555812718,0.05032977710331083,0.05409128690650395,0.07388473308113576,0.0001428608789774088,0.02144906543886584,0.12455174254358573,0.010042691586842243,-0.009729648737438971,0.0552823156916196,0.06596522637016737,1.734723475976807e-18,-0.0126064154805512,0.03269179865423569
selection,targeted_context_rate,predicted_0.2_0.4,164,136,False,0.3252824961624407,0.2991173694664358,0.02616512669600488,0.018551687374752275,0.03377856601725748,0.051342662073428864,0.08181362563177845,0.09658953508430977,9.982141944266046e-05,0.03393687345898506,0.2984818519106299,0.02680064425181086,0.0006355175558059772,0.07879328363807345,0.09739375083643466,2.4936649967166602e-18,0.009991414695437281,0.043609873808184436
selection,targeted_context_rate,predicted_0.4_0.6,418,300,False,0.4982601781524014,0.4954981156997093,0.0027620624526921165,-0.002385975339912261,0.007910100245296495,0.04393472730811656,0.1434154549885101,0.14999417653095715,0.0001096043624493092,-0.00037404813819476204,0.49331777466490595,0.004942403487495433,0.0021803410348033166,0.11191511001456653,0.14856462407519377,4.336808689942018e-19,-0.013146102880498436,0.0230309098554893
selection,targeted_context_rate,predicted_0.6_0.8,407,282,False,0.6710505336340701,0.6693834142864828,0.0016671193475873126,-0.0040528522320307705,0.007387090927205395,0.04403895705719129,0.20291407912353,0.2076380341970982,0.00015715746064584013,0.0009226028960014372,0.6663994712469702,0.004651062387100029,0.0029839430395127145,0.16300766281731652,0.2197746605869342,2.168404344971009e-18,-0.024061795827358942,0.033363920601559
selection,targeted_context_rate,predicted_0.8_1.0,31,23,True,0.8310585331047587,0.8332989987889856,-0.0022404656842267808,-0.01189798063919869,0.007417049270745129,0.02577658677186298,0.17323958033747772,0.17514675167159902,0.00048616792421099866,0.0024132015198062118,0.8308179614530321,0.000240571651726647,0.002481037335953433,0.12289495609367963,0.1891880732058644,5.637851296924623e-18,-0.06973425758067997,0.07021540088413328
selection,targeted_context_rate,conditional_0.0_0.2,47,33,False,0.16683441957772685,0.12262205620963633,0.044212363368090486,0.029574423681206857,0.058850303054974115,0.06468109536207388,0.061083315961676696,0.08896524931742575,0.0001392174588033262,0.056574719575572856,0.12475495741129362,0.04207946216643322,-0.0021329012016572772,0.0699414231048254,0.08778153166571033,1.0408340855860843e-17,0.017524817462286173,0.06663410687058027
selection,targeted_context_rate,conditional_0.2_0.4,179,158,False,0.3482694549276985,0.3165207430237956,0.03174871190390293,0.025335167157709438,0.03816225665009643,0.050435129787517616,0.0873781930986503,0.1008893004528665,0.00010204613728622557,0.036640795090961666,0.31449916069782685,0.0337702942298717,0.0020215823259687685,0.08141092592947548,0.10596562717207055,1.734723475976807e-18,0.017274088560165515,0.05026649989957788
selection,targeted_context_rate,conditional_0.4_0.6,420,303,False,0.5149241409839314,0.5059117561168875,0.009012384867043937,0.004287757879625855,0.013737011854462019,0.039998049279434573,0.15803170649511444,0.1630149201880554,0.00012048683898184419,0.008711509287882358,0.49273153797823976,0.022192603005691643,0.013180218138647705,0.1276309772379703,0.17429090880613227,1.734723475976807e-18,0.0005793950920230002,0.04380581091936028
selection,targeted_context_rate,conditional_0.6_0.8,366,253,False,0.6676743451634894,0.6771179084173465,-0.009443563253857222,-0.015168038117046024,-0.0037190883906684192,0.04310951780152816,0.19637048268785914,0.20104675325939256,0.00016038202438606466,-0.01270235884817692,0.6898252032337399,-0.02215085807025057,-0.012707294816393346,0.14833338997985016,0.20116894894911447,3.469446951953614e-18,-0.04926893055047313,0.0049672144099719845
selection,targeted_context_rate,conditional_0.8_1.0,43,30,False,0.7998109547191538,0.8310467702858663,-0.031235815566712427,-0.04853012699248826,-0.013941504140936596,0.05575974542662198,0.17661050119463845,0.18520372118902761,0.0004208257646547904,-0.029071398353988465,0.811976814353698,-0.012165859634543912,0.019069955932168512,0.14038428273525255,0.20228947466097927,3.469446951953614e-18,-0.0868142441802835,0.06248252491119568
selection,targeted_context_rate,conditional_gt60,409,273,False,0.6815664581485592,0.6933011383937436,-0.011734680245184299,-0.017516589006615877,-0.005952771483752721,0.04460856617910326,0.1943875385964858,0.19944031522777858,0.00015018508083019621,-0.014215146017847506,0.7026675486571096,-0.021101090508550358,-0.00936641026336606,0.14749766476831544,0.20128704825847354,1.734723475976807e-18,-0.047180580421784774,0.004978399404684055
selection,targeted_context_rate,conditional_gt75,84,55,False,0.7632213185415541,0.8027628022546813,-0.03954148371312713,-0.051979765705554445,-0.02710320172069981,0.06178810595357585,0.1794848956114722,0.1898225428920164,0.0003059907441372036,-0.03710026299619754,0.7786986588235714,-0.015477340282017357,0.024064143431109773,0.14066663203911253,0.19974910010311483,0.0,-0.07124867023617673,0.04029398967214201
selection,targeted_context_rate,collateral_type:Cash,95,55,False,0.2721551967156527,0.2315676765079292,0.040587520207723486,0.029834975254331098,0.051340065161115875,0.0600078102241727,0.09064985211191955,0.10871215652268705,0.00014531997794773102,0.05231568871363953,0.21760612881519578,0.05454906790045683,0.013961547692733334,0.0836335421922178,0.1086102481390375,6.938893903907228e-18,0.030025016584846992,0.07907311921606666
selection,targeted_context_rate,collateral_type:Mortgage,339,193,False,0.4699495053744089,0.47495176304994535,-0.005002257675536593,-0.01064318018318812,0.0006386648321149331,0.042900311786709805,0.10093825270804337,0.10967665025496418,8.565958371942021e-05,-0.004579875926180404,0.491926812922056,-0.021977307547647224,-0.016975049872110633,0.08332435195598356,0.10581138995584684,0.0,-0.0374048577407921,-0.006549757354502347
selection,targeted_context_rate,collateral_type:Other,199,112,False,0.5509179225468378,0.548602997521333,0.002314925025504787,-0.006762071124734226,0.011391921175743799,0.04798942702411457,0.15611558287161634,0.16332501437761252,0.0001729178164165749,-0.0007992257165184961,0.559370278786614,-0.008452356239776306,-0.010767281265281094,0.12150595696064721,0.1588470988034176,1.734723475976807e-18,-0.03990886578929821,0.023004153309745604
selection,targeted_context_rate,collateral_type:Unsecured,422,258,False,0.6407819387476086,0.6310046904415073,0.009777248306101124,0.004482951599065052,0.015071545013137197,0.041118148334187934,0.2088174022312962,0.21282718246751103,0.00015882925148561817,0.009197575398401036,0.6107740493324727,0.03000788941513575,0.020230641109034622,0.16924059407816003,0.22710035893744643,6.938893903907228e-18,0.0004637940005664011,0.0595519848297051
selection,targeted_context_rate,lien_rank:First,334,294,False,0.40271094422827824,0.3857550746709484,0.01695586955732984,0.011603169165582482,0.0223085699490772,0.04900191525464203,0.1107296201326943,0.12108772222382373,9.466961319098579e-05,0.016030619924239667,0.38960364976889167,0.013107294459386644,-0.0038485750979432025,0.08916128483193414,0.1194062341426584,5.637851296924623e-18,-0.00040009391948974717,0.026614682838263036
selection,targeted_context_rate,lien_rank:Second,299,233,False,0.5361031345300581,0.5462788578890744,-0.01017572335901635,-0.015868306692176683,-0.004483140025856017,0.04562074448375707,0.12917822627472084,0.13699732285973776,0.00011672765178059846,-0.011788921628243512,0.5639559808486522,-0.027852846318594096,-0.017677122959577747,0.1023142412128492,0.13156156256435775,0.0,-0.045018971942766633,-0.010686720694421559
selection,targeted_context_rate,lien_rank:Unsecured,422,258,False,0.6407819387476086,0.6310046904415073,0.009777248306101124,0.004482951599065052,0.015071545013137197,0.041118148334187934,0.2088174022312962,0.21282718246751103,0.00015882925148561817,0.009197575398401036,0.6107740493324727,0.03000788941513575,0.020230641109034622,0.16924059407816003,0.22710035893744643,6.938893903907228e-18,0.0004637940005664011,0.0595519848297051
selection,targeted_context_rate,product_type:Financial Guarantee,36,36,False,0.5506739985604042,0.5504997644537991,0.000174234106605055,-0.016569662695725067,0.016918130908935174,0.05054021327136966,0.16773105370207433,0.17517996327640806,0.0004367996190158109,0.015110566552926913,0.5384092546842222,0.012264743876182057,0.012090509769577006,0.13008927219039182,0.17186700576110708,3.469446951953614e-18,-0.04452970767913223,0.06905919543149634
selection,targeted_context_rate,product_type:Import LC,109,109,False,0.5356833501352996,0.5347692340652169,0.000914116070082284,-0.006785502548753571,0.00861373468891814,0.04083512250568839,0.1646834389146201,0.16967068775366,0.0002464658227078631,-0.003152710602379312,0.528589810231977,0.007093539903322338,0.006179423833240058,0.1252720265961698,0.18018003316196668,4.336808689942018e-18,-0.026862265148096337,0.04104934495474101
selection,targeted_context_rate,product_type:OVD,365,365,False,0.5600578676966199,0.5584762376929839,0.0015816300036359,-0.002921839500187879,0.006085099507459679,0.04386562617964712,0.16542400215172365,0.17114115124079893,0.0001352920001512902,0.0002680047477948066,0.5582019188424547,0.001855948854165125,0.0002743188505292238,0.13760629235985594,0.18424302704479595,1.1384122811097797e-18,-0.017070729609916433,0.02078262731824668
selection,targeted_context_rate,product_type:Performance Guarantee,70,70,False,0.5654584481399659,0.5612793758067672,0.004179072333198805,-0.007517736401380189,0.0158758810677778,0.049747776651311464,0.15706687228776842,0.1647569229258999,0.00029332940521407627,-0.001417442052833652,0.5590587774127672,0.0063996707271988165,0.0022205983940000126,0.1126408086849749,0.1669667574989685,1.3010426069826053e-18,-0.03296823307468307,0.04576757452908071
selection,targeted_context_rate,product_type:Term Loan,475,475,False,0.5115648601183936,0.49941543519450066,0.012149424923893015,0.008190939581888098,0.01610791026589793,0.0456181976140332,0.1576249351077561,0.16409338841427248,0.0001130051255126403,0.010688119206440985,0.4981479343885329,0.013416925729860868,0.0012675008059678538,0.11651018934812453,0.16388836246501112,1.0842021724855044e-18,-0.0012877272120370518,0.02812157867175879
selection,targeted_context_rate,industry:Construction,147,84,False,0.5145586158552987,0.5025849558148455,0.011973660040453141,0.003627638168996219,0.020319681911910064,0.04021520358294478,0.1663933108735332,0.17118410119714375,0.00021443576523255784,0.010896647152583584,0.47110084332820346,0.04345777252709528,0.031484112486642145,0.14597576777575952,0.1980568431727931,6.938893903907228e-18,-0.0017991499056301194,0.08871469495982068
selection,targeted_context_rate,industry:Hospitality,87,53,False,0.5205744746059456,0.5147480845750918,0.005826390030853658,-0.0032901389896464643,0.014942919051353781,0.03645960646590321,0.1661794802087659,0.17013207383119786,0.0002783798496322562,0.012931525406903616,0.4781749299593978,0.042399544646547827,0.036573154615694166,0.12084241148880337,0.18313633967984957,0.0,-0.010096012811290932,0.09489510210438659
selection,targeted_context_rate,industry:Manufacturing,185,110,False,0.6249890911470611,0.6532534957500057,-0.028264404602944458,-0.03940319583785787,-0.01712561336803105,0.062241727641212344,0.15628946273367383,0.1682273129469269,0.0001795410910640312,-0.03334477785866246,0.6477052554036363,-0.02271616425657506,0.005548240346369404,0.14022250408715403,0.17972514612984716,6.071532165918825e-18,-0.05724718791135315,0.011814859398203027
selection,targeted_context_rate,industry:Retail,214,128,False,0.5207224651230693,0.5065453049879463,0.01417716013512308,0.0070821917076964135,0.021272128562549748,0.04413041549776653,0.15930557843509421,0.1653050540441685,0.00017015476799180036,0.013494160798739116,0.5341790088148733,-0.013456543691804003,-0.02763370382692708,0.1151036277352466,0.16168728762618986,3.469446951953614e-18,-0.041757513225631204,0.0148444258420232
selection,targeted_context_rate,industry:Services,218,129,False,0.5219132785986355,0.5069926924005943,0.014920586198041232,0.009033093694655579,0.020808078701426886,0.03747043577171857,0.167471574293573,0.17161224243418718,0.0001772282226249498,0.013747175579567531,0.522132587853494,-0.00021930925485856836,-0.015139895452899798,0.11153960485218958,0.15347856918005146,3.469446951953614e-18,-0.027222225712427568,0.02678360720271043
selection,targeted_context_rate,industry:Technology,91,54,False,0.5367427795544061,0.5233364048560002,0.01340637469840579,0.004409110865972007,0.022403638530839574,0.038396181373095514,0.16319907945207177,0.1676550216308455,0.00026731112555715533,0.025773063028489914,0.5116047587388044,0.025138020815601646,0.011731646117195862,0.14704947541004293,0.1895163885224563,6.938893903907228e-18,-0.02968881798957842,0.0799648596207817
selection,targeted_context_rate,industry:Transport,113,60,False,0.48320263587858664,0.46371565651357294,0.019486979365013663,0.010908781856138425,0.028065176873888903,0.04317931561624761,0.14949997899671094,0.1556107226932146,0.00021974648447673926,0.02534620654621271,0.45241899031679916,0.030783645561787448,0.011296666196773794,0.10220490781744587,0.16412371699390496,8.673617379884035e-18,-0.013326867987723645,0.07489415911129854
selection,targeted_context_rate,guarantee:zero,838,555,False,0.5621569482052492,0.5573549991891132,0.004801949016136063,0.0009765350798130461,0.00862736295245908,0.04390504257114651,0.17055676356361707,0.17611718360361595,9.205915051435262e-05,0.004026112126039554,0.5603845267099837,0.0017724214952656275,-0.003029527520870433,0.1311519380534856,0.18125290894438204,2.168404344971009e-18,-0.014548663523338036,0.01809350651386929
selection,targeted_context_rate,guarantee:partial,173,164,False,0.45815096129012295,0.4495741003736657,0.008576860916457317,0.001290766644741496,0.01586295518817314,0.04575181973525383,0.12771526242920636,0.1356628809455564,0.00015171893118154587,0.014825263779258142,0.4281997578359989,0.02995120345412419,0.021374342537666874,0.10344589512642884,0.1445627860883129,0.0,0.007886349774943784,0.052016057133304594
selection,targeted_context_rate,guarantee:full,44,44,False,0.33778708747802066,0.3096305484119339,0.02815653906608676,0.012200876319045564,0.04411220181312796,0.0603523364658282,0.08074449923522838,0.1008071360253446,0.00019019830102868154,0.023988644809725547,0.29127987786968634,0.04650720960833428,0.01835067054224752,0.09067940935905251,0.11240149076232417,0.0,0.015921430777855666,0.07709298843881289
selection,targeted_context_rate,coverage:0-0.5,506,303,False,0.6322515487534032,0.6244994469559797,0.007752101797423448,0.0026197576486289478,0.012884445946217949,0.04267593224651974,0.20203309376922648,0.20649117698118385,0.0001403354145605286,0.007693831252331917,0.6157184190739694,0.016533129679433732,0.008781027882010286,0.1608681193579299,0.2162822573500584,1.734723475976807e-18,-0.009489633351828373,0.04255589271069583
selection,targeted_context_rate,coverage:0.5-1,335,194,False,0.46762898120683843,0.46074786982435934,0.006881111382479087,-8.893571075517005e-06,0.01377111633603369,0.04933688031699903,0.12381339037204983,0.13328121921274388,0.00010569762733225579,0.005474253842292351,0.4653107662841907,0.0023182149226477007,-0.004562896459831389,0.10042038736724458,0.13306466441409354,2.6020852139652106e-18,-0.016981399134873315,0.021617828980168716
selection,targeted_context_rate,coverage:1-inf,214,121,False,0.4141835438070572,0.4117583937586918,0.0024251500483653955,-0.004349958025999015,0.009200258122729805,0.043276422199638225,0.0890431015352473,0.09900263960833418,9.510720485643971e-05,0.0048595372673820945,0.41618915587956956,-0.002005612072512435,-0.004430762120877829,0.07827691492687831,0.0990742693713382,8.673617379884035e-19,-0.020595988072502815,0.016584763927477948
selection,targeted_context_rate,ead:0-100000,212,175,False,0.5315256132333661,0.5261031443257388,0.005422468907627291,-0.0018027296752959228,0.012647667490550504,0.04743612452148806,0.1617496644861735,0.16856197634996992,0.00017357832134634092,0.006936628562100593,0.5100188891764689,0.021506724056897287,0.016084255149269998,0.12124349575733784,0.1692474321684956,0.0,-0.005648024268732215,0.048661472382526785
selection,targeted_context_rate,ead:100000-500000,557,422,False,0.5322451675039197,0.5235733801177568,0.008671787386163044,0.004600222408514537,0.012743352363811553,0.04369545677100982,0.16013488460330602,0.16598937980889417,0.0001060177003402938,0.00848007859424232,0.5268425619142387,0.005402605589680993,-0.0032691817964820543,0.1232579329439128,0.17156012257388317,2.6020852139652106e-18,-0.011942833296619295,0.02274804447598128
selection,targeted_context_rate,ead:500000-inf,286,214,False,0.545686302248483,0.543004592631465,0.0026817096170180105,-0.004073944155995921,0.009437363390031941,0.0456978466189418,0.16361300780596766,0.16987498199830356,0.00015116624946988377,0.005435387711726301,0.541684596584678,0.004001705663805074,0.0013199960467870607,0.13088485387124607,0.17969505599180374,2.6020852139652106e-18,-0.022109294214514116,0.030112705542124266
final,targeted_context_rate,all,1017,593,False,0.5198825398033846,0.5080562532664645,0.011826286536920133,0.008726580854921687,0.01492599221891858,0.04206880309790423,0.15984118445266013,0.16528456806768002,7.831559262592008e-05,0.014041036320665055,0.5050843042958334,0.014798235507551393,0.002971948970631255,0.12345369901752226,0.16974534624933055,4.7704895589362195e-18,0.0006193193476665883,0.028977151667436196
final,targeted_context_rate,realized_gt60,420,278,False,0.6373570830161288,0.6358716796413004,0.0014854033748282567,-0.002912321082951608,0.0058831278326081215,0.03645813264132852,0.19500919432261257,0.1983879565549461,0.0001486792866914605,0.0024831439491685274,0.7374939468027738,-0.1001368637866451,-0.10162226716147336,0.10791013133924038,0.1294619356274711,0.0,-0.11051380961031604,-0.08975991796297417
final,targeted_context_rate,realized_gt75,168,118,False,0.6773819423216587,0.6806122467670764,-0.003230304445417769,-0.010446164981974574,0.003985556091139037,0.03834108918891316,0.2096181472959863,0.21309576907107752,0.0002526936120360738,-0.0010609002201177708,0.826520163810988,-0.14913822148932945,-0.14590791704391165,0.14926500068187204,0.16467519976372627,2.7755575615628914e-17,-0.1630789047688919,-0.13519753820976702
final,targeted_context_rate,realized_gt90,29,21,True,0.7257022685452765,0.7275723062232906,-0.0018700376780142489,-0.015922040827090415,0.012181965471061916,0.029531220016424973,0.20463998720493548,0.20675980585910467,0.0005937608066963675,0.00022476493718732383,0.9218784629636897,-0.19617619441841325,-0.19430615674039894,0.19617619441841325,0.2089269896438308,5.551115123125783e-17,-0.23215286306220861,-0.16019952577461788
final,targeted_context_rate,realized_le10,37,29,True,0.14585184874490736,0.12429874340464843,0.021553105340258925,0.006041121841865211,0.037065088838652636,0.049816802696621504,0.07781918738328465,0.09239880819528402,0.00019989680623027422,0.023353812025270305,0.0636248528782027,0.08222699586670466,0.06067389052644574,0.10507691390947704,0.1528021946410417,0.0,0.029173136309208078,0.13528085542420126
final,targeted_context_rate,predicted_0.0_0.2,54,41,False,0.1308329933944894,0.10491198541093759,0.025921007983551785,0.011910977580606554,0.03993103838649702,0.05553560169313242,0.05349215773427932,0.07710780761043119,0.00011374001014709259,0.03253842119647468,0.11083737282358336,0.019995620570906054,-0.005925387412645728,0.05241000693243809,0.06267976425086723,2.6020852139652106e-18,0.004019065327985547,0.03597217581382656
final,targeted_context_rate,predicted_0.2_0.4,166,138,False,0.3202311063534344,0.29241677464100463,0.02781433171242982,0.020577886465633216,0.035050776959226426,0.05254297425990876,0.08277043291598928,0.0980393222598857,0.00010037861721981819,0.02497334931440522,0.304232756121191,0.015998350232243462,-0.011815981480186357,0.07628774751826421,0.09532418636275763,1.734723475976807e-18,0.00015023183214694924,0.031846468632339975
final,targeted_context_rate,predicted_0.4_0.6,415,294,False,0.5047823983061366,0.49697862852635905,0.007803769779777508,0.00334044891300128,0.012267090646553735,0.0397172473174036,0.1468121292878806,0.15208964803862612,0.00011260506228838032,0.0137801942507363,0.4992776434824008,0.005504754823735852,-0.002299014956041657,0.12496064874418743,0.15975309928147774,1.3010426069826053e-18,-0.014227439046647871,0.025236948694119573
final,targeted_context_rate,predicted_0.6_0.8,371,259,False,0.6734843320300944,0.6658436440596263,0.007640687970468078,0.003137919525540687,0.012143456415395468,0.037015857999260354,0.20406548293163923,0.20739550397138448,0.00016553987484532482,0.006764575318580603,0.6555682095849595,0.017916122445134772,0.010275434474666693,0.14882492493896193,0.20444374229616105,1.734723475976807e-18,-0.008170273142448687,0.044002518032718235
final,targeted_context_rate,predicted_0.8_1.0,11,8,True,0.831801381987095,0.8375140895306123,-0.005712707543517392,-0.03354358339891353,0.022118168311878746,0.033106527597481276,0.1644524185562458,0.16775172171563976,0.0007747542162180925,0.0017560715798345203,0.6151685471868181,0.2166328348002768,0.22234554234379422,0.2714353688403603,0.36739284398887034,2.7755575615628914e-17,-0.026049375641057332,0.45931504524161093
final,targeted_context_rate,conditional_0.0_0.2,70,46,False,0.15757196920418975,0.11680075864378081,0.040771210560408964,0.02864571493638668,0.05289670618443125,0.060877439262039736,0.06169760048790725,0.08667558201171048,0.00011522302692254226,0.04733832419397128,0.1259397345223743,0.031632234681815474,-0.009138975878593488,0.05877718436261574,0.07519056669413617,1.734723475976807e-18,0.012800318671285386,0.05046415069234556
final,targeted_context_rate,conditional_0.2_0.4,181,154,False,0.34683926398667286,0.3143183154947067,0.03252094849196622,0.025447496978879387,0.03959440000505305,0.05482241902210086,0.08271350002201416,0.09923215564184094,9.606321934683744e-05,0.033129158266494485,0.31644973473292826,0.0303895292537447,-0.002131419238221525,0.08249745021413664,0.10317037264197841,6.938893903907228e-18,0.013789016288911198,0.04699004221857821
final,targeted_context_rate,conditional_0.4_0.6,410,295,False,0.5202495715900822,0.5093904558269036,0.010859115763178577,0.007007021912643787,0.014711209613713366,0.035070066076231296,0.16042478369789573,0.1642133391631382,0.00012379398976134176,0.012710305673691531,0.5131826439502617,0.007066927639820513,-0.0037921881233580652,0.12668935386952496,0.16454399226083855,1.734723475976807e-18,-0.013203642657328502,0.02733749793696953
final,targeted_context_rate,conditional_0.6_0.8,341,243,False,0.6729510842373301,0.6747403332170967,-0.0017892489797665624,-0.00650613534379818,0.002927637384265055,0.03662562849730203,0.1995128016069144,0.2028467270326597,0.0001688159992078946,-0.0005522260077532652,0.6667050467292462,0.006246037508083828,0.008035286487850391,0.15000366415396957,0.2058520161502128,0.0,-0.021234669253930943,0.0337267442700986
final,targeted_context_rate,conditional_0.8_1.0,15,10,True,0.8089302851531929,0.8459333897551633,-0.03700310460197042,-0.05427489067695529,-0.019731318526985547,0.048137484245301995,0.15347763913086873,0.16084962885456675,0.0006191836878844539,-0.030692005706380338,0.6550832740903999,0.15384701106279294,0.19085011566476337,0.2274723962446312,0.30880859080505335,0.0,-0.03606386303199502,0.3437578851575809
final,targeted_context_rate,conditional_gt60,356,252,False,0.6786805449500771,0.6819535238015657,-0.003272978851488635,-0.007997514187664805,0.0014515564846875346,0.037182670954116724,0.19778945412049162,0.2012541159344677,0.00016379406410572898,-0.0020725053425282632,0.6662153652978343,0.012465179652242921,0.015738158503731555,0.1532677961240817,0.21120530314284075,0.0,-0.015265695413087742,0.040196054717573586
final,targeted_context_rate,conditional_gt75,54,38,False,0.764923622990973,0.7921076099167506,-0.027183986925777743,-0.038203556860517664,-0.016164416991037822,0.043749755561565164,0.18507797632046366,0.19017859614208643,0.0003935300387257259,-0.028572872528623325,0.7119869664420185,0.052936656548954485,0.08012064347473224,0.1906781231861217,0.25841983214560466,1.3877787807814457e-17,-0.03690937016232753,0.1427826832602365
final,targeted_context_rate,collateral_type:Cash,107,59,False,0.2136167987256983,0.17804834739725656,0.03556845132844179,0.023292622911543,0.04784427974534058,0.059332572629802106,0.07875860760934524,0.09860665518834696,0.00011896690594122011,0.03755839159817063,0.19421502391827292,0.019401774807425408,-0.01616667652101638,0.07087170758652989,0.0931551597123666,0.0,-0.005305075350909048,0.04410862496575986
final,targeted_context_rate,collateral_type:Mortgage,327,190,False,0.46963058211104686,0.46386520357748134,0.005765378533565531,0.0007778374660250362,0.010752919601106026,0.040400211032831417,0.09869370005755633,0.1066425031708662,8.527772006579275e-05,0.010510443247344145,0.45660280284666976,0.013027779264377131,0.007262400730811602,0.09274460626154703,0.11894935291238554,1.734723475976807e-18,-0.0047264186662777825,0.030781977195032045
final,targeted_context_rate,collateral_type:Other,195,116,False,0.5548443375507582,0.5469657098693036,0.007878627681454633,0.0009263668887909198,0.014830888474118346,0.04350507152478233,0.15704546254013202,0.16296002133290372,0.00017572279941467032,0.008624272895965164,0.5302463701033051,0.02459796744745317,0.01671933976599854,0.12829616886537112,0.16976751936618356,3.469446951953614e-18,-0.0066582428084616604,0.055854177703368
final,targeted_context_rate,collateral_type:Unsecured,388,228,False,0.6291229364527896,0.6167520654797356,0.012370870973053928,0.00782247952233273,0.016919262423775127,0.03662276133707722,0.21131256108313787,0.21446264271305476,0.0001676214051096286,0.012789829158238345,0.6190272453829944,0.010095691069795245,-0.002275179903258679,0.1614018041566706,0.21615176369936098,4.7704895589362195e-18,-0.019383169025926378,0.03957455116551687
final,targeted_context_rate,lien_rank:First,348,300,False,0.38623516361578114,0.3659817246243548,0.02025343899142632,0.01484135941882922,0.025665518564023423,0.048630324066933475,0.10704723677954402,0.11757558981774546,8.966147216491847e-05,0.020901021579639988,0.368085587571025,0.01814957604475613,-0.0021038629466701908,0.08939449617831043,0.1197325206092047,8.673617379884035e-19,0.004591182493626396,0.031707969595885864
final,targeted_context_rate,lien_rank:Second,281,219,False,0.5345587426977512,0.5339208825501125,0.0006378601476387691,-0.004552897907742312,0.00582861820301985,0.04030517288942566,0.12892115605591778,0.1350746883780999,0.00012016861543017602,0.0019232590912115172,0.5174177287741779,0.01714101392357323,0.016503153775934455,0.1132356840497506,0.14837736584470504,3.469446951953614e-18,-0.0030564994978691945,0.03733852734501565
final,targeted_context_rate,lien_rank:Unsecured,388,228,False,0.6291229364527896,0.6167520654797356,0.012370870973053928,0.00782247952233273,0.016919262423775127,0.03662276133707722,0.21131256108313787,0.21446264271305476,0.0001676214051096286,0.012789829158238345,0.6190272453829944,0.010095691069795245,-0.002275179903258679,0.1614018041566706,0.21615176369936098,4.7704895589362195e-18,-0.019383169025926378,0.03957455116551687
final,targeted_context_rate,product_type:Financial Guarantee,39,39,False,0.5514506493447936,0.5348613713508988,0.01658927799389484,0.006831687697616369,0.02634686829017331,0.03488552201022731,0.17594406038568275,0.17936920591597327,0.0004402124619145264,0.0242529630031687,0.5532317206872822,-0.0017810713424885084,-0.01837034933638335,0.1341350747218053,0.17470447377644066,0.0,-0.05732616833304481,0.0537640256480678
final,targeted_context_rate,product_type:Import LC,88,88,False,0.5026391414569693,0.4946400827539508,0.007999058703018477,-0.0008626872336927362,0.01686080463972969,0.042923786913553016,0.14843420778266597,0.15451590702276502,0.00024723655805422985,0.010032312238950764,0.47988040962397044,0.022758731832998914,0.014759673129980437,0.12244500765560166,0.16568778169377574,0.0,-0.011727897710271173,0.057245361376269
final,targeted_context_rate,product_type:OVD,362,362,False,0.533913814729458,0.524507923071715,0.009405891657742966,0.005084285431464482,0.013727497884021448,0.042936050513529465,0.15961311474465367,0.16528717685347022,0.00013107936034482238,0.01112167505748636,0.5123412212158346,0.02157259351362344,0.012166701855880474,0.1260039479102957,0.1730001076503011,0.0,0.003865559525564048,0.03927962750168283
final,targeted_context_rate,product_type:Performance Guarantee,65,65,False,0.546406410271575,0.5390674271304474,0.00733898314112767,-0.001965353855068858,0.016643320137324197,0.03867951035008769,0.17375520616890353,0.17800835989278907,0.0003367450137602003,0.0061995428790916655,0.5382626850636739,0.00814372520790113,0.0008047420667734647,0.13479716000123484,0.18485704969341632,4.87890977618477e-18,-0.03710228189636798,0.05338973231217024
final,targeted_context_rate,product_type:Term Loan,463,463,False,0.5058067075759521,0.4911318312991833,0.014674876276768901,0.011064076078676216,0.018285676474861588,0.04222935447971643,0.15864247023029124,0.16416684117245597,0.00011519907560471508,0.01539640197431359,0.49548731685934816,0.010319390716604,-0.004355485560164896,0.11915926300079804,0.16523857115435026,5.204170427930421e-18,-0.004718881574008725,0.025357663007216723
final,targeted_context_rate,industry:Construction,152,91,False,0.5246300447526264,0.5109817486100214,0.01364829614260509,0.007478160991926219,0.01981843129328396,0.03480751567743293,0.16782844530020943,0.17139997141049976,0.00021269819455285916,0.016106688668846042,0.5297363943298731,-0.005106349577246618,-0.01875464571985171,0.10779445753163602,0.14993895873357674,3.469446951953614e-18,-0.036468132625261954,0.02625543347076872
final,targeted_context_rate,industry:Hospitality,88,56,False,0.6369519556653125,0.6560502789851326,-0.019098323319820098,-0.03584949852926654,-0.0023471481103736584,0.060568933294531675,0.14943957418969,0.16124757987155433,0.00024891112710248944,-0.02424439972708392,0.6200403145615817,0.01691164110373064,0.03600996442355075,0.14394998216883395,0.19590622923444392,6.938893903907228e-18,-0.03591287202354902,0.0697361542310103
final,targeted_context_rate,industry:Manufacturing,174,104,False,0.5285173117919375,0.5130089555167704,0.015508356275167029,0.009174342522025366,0.021842370028308692,0.03805175252002901,0.16668280321239415,0.17097102899786049,0.00019744047970868928,0.015417424638493781,0.5034354601868966,0.02508185160504087,0.009573495329873843,0.12252779739123897,0.17265889494495684,1.734723475976807e-18,-0.010849163434170878,0.06101286664425262
final,targeted_context_rate,industry:Retail,225,125,False,0.49158828535354904,0.4715362300971032,0.020052055256445815,0.014283553564781207,0.025820556948110425,0.041517103695129114,0.15382231194165866,0.15932662536534514,0.00016023157493922513,0.017405485849878895,0.4699984282099382,0.021589857143610766,0.0015378018871649464,0.12292342237761056,0.16476456149009724,4.553649124439119e-18,-0.007610729173537507,0.05079044346075904
final,targeted_context_rate,industry:Services,225,127,False,0.511752376488608,0.5024212853780814,0.009331091110526754,0.0025685894737992364,0.016093592747254273,0.041841562414982755,0.15980434257183596,0.16519123539142022,0.00016646285684565962,0.018967758442320647,0.4921567251117089,0.019595651376899177,0.010264560266372423,0.1247710550527145,0.17122824412970894,0.0,-0.011723735914150261,0.050915038667948616
final,targeted_context_rate,industry:Technology,73,43,False,0.516144626118585,0.4996086716221781,0.016535954496406893,0.005983085047192636,0.02708882394562115,0.040972177229114976,0.1657589871479776,0.17074765335786438,0.0003031347189666818,0.026643807688539623,0.4897377511794658,0.026406874939119206,0.009870920442712317,0.14590390030331885,0.19875816731469578,3.469446951953614e-18,-0.037449987851496655,0.09026373772973507
final,targeted_context_rate,industry:Transport,80,47,False,0.46915981507695503,0.4552015870290754,0.013958228047879728,0.003687336867765371,0.024229119227994082,0.04132980935242683,0.15113249728720088,0.1566817949775076,0.0002640176074558413,0.019477750033619685,0.4844215305413875,-0.015261715464432456,-0.029219943512312184,0.10997471293891378,0.14717264292388466,0.0,-0.056119968703316106,0.025596537774451197
final,targeted_context_rate,guarantee:zero,804,535,False,0.5484061348234456,0.5383764727643601,0.010029662059085597,0.006653922286801761,0.013405401831369434,0.04035664627621714,0.16998097149211422,0.17470600896382088,9.366822892292667e-05,0.012534585497751197,0.5331947190111507,0.015211415812295005,0.005181753753209405,0.1328009780136006,0.18147922516306747,1.734723475976807e-18,-0.0010376980676145148,0.031460529692204524
final,targeted_context_rate,guarantee:partial,170,161,False,0.43710877737523235,0.4188963342875969,0.01821244308763534,0.0120403221219621,0.024384564053308584,0.04460443167107537,0.12126928884505807,0.12921221204547872,0.00014532702932277568,0.019495904418682,0.4275145255391665,0.009594251836065815,-0.008618191251569525,0.08909293388600448,0.11635791117022372,1.734723475976807e-18,-0.009517807632912365,0.028706311305043995
final,targeted_context_rate,guarantee:full,43,43,False,0.313802754144244,0.2936313637338963,0.020171390410347628,0.003243829160770966,0.03709895165992429,0.05949484356495811,0.07671772336156428,0.09708370351712146,0.0001828022364345382,0.02134097050509954,0.28615614051718835,0.027646613627055627,0.0074752232167079975,0.08452620505266319,0.11019515607212478,8.673617379884035e-19,-0.0046142917192554846,0.05990751897336674
final,targeted_context_rate,coverage:0-0.5,476,280,False,0.6239387424059907,0.6143971261248745,0.009541616281116262,0.005210509656580782,0.013872722905651742,0.03801773031466969,0.20442765462186852,0.20793271457968543,0.00014640509667411438,0.010087574570047714,0.6099130182121635,0.01402572419382725,0.004484107912710984,0.1581372419028942,0.21149163495423462,3.469446951953614e-18,-0.011802526848244031,0.03985397523589853
final,targeted_context_rate,coverage:0.5-1,347,197,False,0.4414447207634365,0.4288250817807917,0.012619638982644815,0.007787828243070316,0.017451449722219313,0.0401521707330181,0.11497033577689413,0.12178002678282353,9.643642191655308e-05,0.015940637308342154,0.42956291125830803,0.011881809505128467,-0.0007378294775163463,0.09706808975132268,0.1263442391664785,1.951563910473908e-18,-0.006592689755250052,0.030356308765506986
final,targeted_context_rate,coverage:1-inf,194,116,False,0.4048679561333929,0.38885502143618317,0.016012934697209723,0.0073312846899909,0.02469458470442855,0.05336379082579311,0.08806265084749446,0.10296953260837265,9.878952913353418e-05,0.021123875825829783,0.38295778656309176,0.021910169570301112,0.005897234873091389,0.08554875057388434,0.1129120234937842,0.0,0.0012037577519217885,0.042616581388680436
final,targeted_context_rate,ead:0-100000,206,161,False,0.5176667826402311,0.5118806054023003,0.005786177237930879,-0.00018819245846179392,0.011760546934323553,0.040410213327702844,0.15398593383021852,0.1592000413277424,0.00016763606849380604,0.007047456057159675,0.49548061067595733,0.022186171964273877,0.016399994726343,0.1294987005587451,0.17742523799126328,3.469446951953614e-18,-0.006897428433944974,0.05126977236249273
final,targeted_context_rate,ead:100000-500000,535,392,False,0.5256499272328871,0.5122907445593147,0.01335918267357246,0.009431961922434668,0.017286403424710252,0.04297213649182258,0.1613863243624731,0.16700943148786898,0.00010902092574168917,0.013022277589259177,0.5058677237855883,0.019782203447298877,0.00642302077372642,0.12634663820724065,0.17331819691597103,4.336808689942018e-18,0.0015802905128936284,0.037984116381704125
final,targeted_context_rate,ead:500000-inf,276,221,False,0.5103567923426089,0.4969936830430699,0.013363109299538947,0.008185056413953342,0.018541162185124554,0.04150877896297083,0.16111668968917953,0.1663777822529082,0.0001515325791764586,0.014817510658241613,0.5107336936388609,-0.00037690129625201117,-0.01374001059579096,0.11333415994509029,0.15635707776631708,1.734723475976807e-18,-0.021846068897088528,0.021092266304584505
current,targeted_context_rate,all,8695,5000,False,0.5664920492338547,0.5826440454679118,-0.016151996234057157,-0.01770669768289507,-0.014597294785219244,0.057630605720810475,0.16350099489021788,0.17336049736268802,2.739716545520027e-05,-0.013675658489374484,,,,,,,,
current,targeted_context_rate,predicted_0.0_0.2,132,95,False,0.1339121872241908,0.11315896483243702,0.020753222391753742,0.014387341353890404,0.02711910342961708,0.04231676712610777,0.055934629787437976,0.07013837458526523,7.60700721886451e-05,0.013598083245705708,,,,,,,,
current,targeted_context_rate,predicted_0.2_0.4,922,746,False,0.3323228242701073,0.3002526020891115,0.03207022218099579,0.027878349441445578,0.036262094920546,0.06466196049533048,0.09022010767048802,0.11099926559745397,4.6425640762569404e-05,0.03378352602547028,,,,,,,,
current,targeted_context_rate,predicted_0.4_0.6,3752,2610,False,0.5146559944247593,0.5306040127093288,-0.01594801828456946,-0.018161128248143983,-0.013734908320994936,0.05890324588252547,0.14370984589604427,0.1553129491799124,3.665853751174166e-05,-0.011343265997884669,,,,,,,,
current,targeted_context_rate,predicted_0.6_0.8,3671,2399,False,0.6781656827184342,0.7087426892001208,-0.030577006481686576,-0.0325762157474222,-0.02857779721595095,0.05604932277344652,0.19506884180290673,0.20296152252505753,5.0305531187300045e-05,-0.030232300025832114,,,,,,,,
current,targeted_context_rate,predicted_0.8_1.0,218,138,False,0.8304348764067256,0.8334836014697559,-0.003048725063030318,-0.008839625977345038,0.002742175851284403,0.03295269138222875,0.1835603017036757,0.1864946761462023,0.00019425425570081606,-0.00778003910144006,,,,,,,,
current,targeted_context_rate,conditional_0.0_0.2,231,172,False,0.18624849084220754,0.1326071246159665,0.05364136622624105,0.04581472753139011,0.06146800492109199,0.07427778598580043,0.06741524465193668,0.1003095444234139,6.930621013260559e-05,0.05499809526066804,,,,,,,,
current,targeted_context_rate,conditional_0.2_0.4,1075,855,False,0.3666826240863078,0.3215645931901053,0.04511803089620248,0.042047099278739064,0.04818896251366589,0.06321024354877858,0.09757346618209133,0.11625883274953186,4.649941904739142e-05,0.04506270378838038,,,,,,,,
current,targeted_context_rate,conditional_0.4_0.6,2846,2152,False,0.513315813259715,0.5173867260189282,-0.004070912759213221,-0.006023950260266255,-0.0021178752581601876,0.04536287798464798,0.14599265728953476,0.152877881596749,4.2759595836395266e-05,-0.0016744918478255536,,,,,,,,
current,targeted_context_rate,conditional_0.6_0.8,4035,2656,False,0.6520875220184611,0.6928148051621796,-0.0407272831437184,-0.042587054652917955,-0.03886751163451885,0.061470534818055186,0.18831932343423144,0.19809794100278885,4.6322622845698e-05,-0.03944490652238235,,,,,,,,
current,targeted_context_rate,conditional_0.8_1.0,508,328,False,0.7802582478925133,0.8302862810995638,-0.050028033207050765,-0.0550147429873304,-0.04504132342677113,0.06589311240428564,0.18506284830813324,0.19644378352659309,0.00012829431491977045,-0.052791453051593586,,,,,,,,
current,targeted_context_rate,conditional_gt60,4543,2903,False,0.6664196216759602,0.7081869182540113,-0.04176729657805097,-0.04353339628467138,-0.04000119687143056,0.06198074173027254,0.18795798489088555,0.19791365902755959,4.357219493080782e-05,-0.04080192272478849,,,,,,,,
current,targeted_context_rate,conditional_gt75,1284,840,False,0.7460443245293805,0.7951107073430825,-0.04906638281370186,-0.05238728323072444,-0.045745482396679284,0.06667124605472717,0.1939807001376118,0.2051184220794613,8.45855225557315e-05,-0.05056089282911801,,,,,,,,
current,targeted_context_rate,collateral_type:Cash,842,488,False,0.34014157523968447,0.28175837229108336,0.05838320294860106,0.054502818814943295,0.06226358708225883,0.07296127361117487,0.10621043113416437,0.1288565214828873,5.719145585636433e-05,0.06297980890367906,,,,,,,,
current,targeted_context_rate,collateral_type:Mortgage,3049,1740,False,0.52039545894588,0.54226046061067,-0.021865001664789965,-0.02384824085439947,-0.019881762475180458,0.05078456107118007,0.1104473847360914,0.12156354897021811,3.125336259561431e-05,-0.01687821052693736,,,,,,,,
current,targeted_context_rate,collateral_type:Other,1674,976,False,0.5773693217634388,0.6101390138844218,-0.032769692120982956,-0.036091887810207876,-0.029447496431758036,0.062228388756196074,0.1655603751443396,0.17686890677879685,6.322643587700504e-05,-0.02859776083108772,,,,,,,,
current,targeted_context_rate,collateral_type:Unsecured,3130,1796,False,0.666468742101779,0.6882187131725068,-0.021749971070728128,-0.02425880853236173,-0.019241133609094525,0.05666556972651281,0.21138753934507173,0.21885081353011812,5.9037402401447264e-05,-0.02318479968998569,,,,,,,,
current,targeted_context_rate,lien_rank:First,3026,2672,False,0.46036335791285754,0.4544248931200374,0.005938464792820032,0.0036075641616873343,0.00826936542395273,0.055807199978399634,0.12218662701821731,0.13432801417246532,3.4706373831660475e-05,0.00454074039551692,,,,,,,,
current,targeted_context_rate,lien_rank:Second,2539,1956,False,0.569728902822171,0.6053074740182409,-0.03557857119606987,-0.03779185249990923,-0.03336528989223051,0.060858674775268455,0.13663336989862487,0.14957424933876937,4.236873089302416e-05,-0.0327790981713135,,,,,,,,
current,targeted_context_rate,lien_rank:Unsecured,3130,1796,False,0.666468742101779,0.6882187131725068,-0.021749971070728128,-0.02425880853236173,-0.019241133609094525,0.05666556972651281,0.21138753934507173,0.21885081353011812,5.9037402401447264e-05,-0.02318479968998569,,,,,,,,
current,targeted_context_rate,product_type:Financial Guarantee,367,367,False,0.5808569409134247,0.6006499064676384,-0.019792965554213518,-0.025649123148910345,-0.01393680795951669,0.06049051511354497,0.16244524886006795,0.1733423240178561,0.00013249332761019325,-0.021984486312602244,,,,,,,,
current,targeted_context_rate,product_type:Import LC,831,831,False,0.5751541642344759,0.605720665600747,-0.030566501366271138,-0.034580610152431086,-0.02655239258011119,0.06645023142494635,0.16441161993700598,0.17733249568744988,8.911524851759668e-05,-0.02430230047121629,,,,,,,,
current,targeted_context_rate,product_type:OVD,2848,2848,False,0.5842944398333981,0.6049257910009167,-0.02063135116751869,-0.0226737033601145,-0.018588998974922877,0.059303627296295285,0.16586838722036046,0.17615119099677223,4.856391110323992e-05,-0.020561640841821337,,,,,,,,
current,targeted_context_rate,product_type:Performance Guarantee,658,658,False,0.5818377907321994,0.6002245132394887,-0.018386722507289323,-0.02269020964521487,-0.014083235369363777,0.059206489133015176,0.16404504120361132,0.1744023620796243,9.992408638640094e-05,-0.014169296142803873,,,,,,,,
current,targeted_context_rate,product_type:Term Loan,3991,3991,False,0.5481335327855138,0.5573844159542608,-0.00925088316874712,-0.01089478851070105,-0.00760697782679319,0.05378101498306058,0.16160517468524505,0.17031920049617644,3.9970025481533616e-05,-0.008998616517630079,,,,,,,,
current,targeted_context_rate,industry:Construction,1077,614,False,0.5889151275357813,0.6135455143913912,-0.02463038685560971,-0.02887248455750303,-0.020388289153716387,0.05986161331205427,0.16436154816407206,0.17492321533522212,7.825505440452624e-05,-0.022287433317218365,,,,,,,,
current,targeted_context_rate,industry:Hospitality,668,377,False,0.5870970634183117,0.613619668073502,-0.02652260465519028,-0.03173087044448192,-0.02131433886589864,0.05960809568983301,0.16362931535577377,0.17414843644307448,9.892200448902374e-05,-0.020338010329861614,,,,,,,,
current,targeted_context_rate,industry:Manufacturing,1661,949,False,0.5894092030493271,0.6139082520855202,-0.024499049036193186,-0.027992996434546193,-0.021005101637840178,0.059356404621651225,0.16548365506975693,0.1758067770731705,6.344396464943255e-05,-0.019515241083819454,,,,,,,,
current,targeted_context_rate,industry:Retail,1629,942,False,0.5867359812010311,0.6104314985247259,-0.02369551732369474,-0.027590194230118287,-0.019800840417271193,0.06354952337581049,0.16294188195920867,0.17489596569875868,6.308007658269499e-05,-0.019427738749966016,,,,,,,,
current,targeted_context_rate,industry:Services,2128,1241,False,0.5890866679223076,0.6126406326142076,-0.02355396469190006,-0.026618125298029493,-0.02048980408577063,0.059127032498505386,0.16268540826589123,0.1730969324821183,5.510396070447402e-05,-0.019856920541073478,,,,,,,,
current,targeted_context_rate,industry:Technology,644,382,False,0.45352317920614427,0.4311773476318718,0.022345831574272376,0.018881917291620504,0.02580974585692425,0.04314989303588128,0.16063253856783175,0.1663271646958306,9.890326189524198e-05,0.020283282774153047,,,,,,,,
current,targeted_context_rate,industry:Transport,888,495,False,0.4715754290315978,0.4503733357906302,0.021202093240967654,0.018172124137330603,0.024232062344604705,0.04213343095527874,0.16366238646271225,0.1689988246903907,8.581484506658227e-05,0.019360736224468624,,,,,,,,
current,targeted_context_rate,guarantee:zero,6915,4452,False,0.5865808267918664,0.6073412482978531,-0.020760421505986528,-0.022452682684872948,-0.019068160327100108,0.05879205182739798,0.1717494759391137,0.18153343450570103,3.2271515025137334e-05,-0.01771725124738465,,,,,,,,
current,targeted_context_rate,guarantee:partial,1451,1341,False,0.5034866272549332,0.5059417863297146,-0.002455159074781422,-0.005265285836705566,0.00035496768714272106,0.052496934647060636,0.13263915164235748,0.14265017594010201,5.440741036913562e-05,-0.002411672668096198,,,,,,,,
current,targeted_context_rate,guarantee:full,329,326,False,0.4221363364003107,0.4018349890560017,0.020301347344309002,0.014800018027671953,0.02580267666094605,0.05452200973672862,0.09443854837873425,0.10904718687620722,8.135258923623536e-05,0.01821378797441504,,,,,,,,
current,targeted_context_rate,coverage:0-0.5,3620,2082,False,0.6586721885968465,0.6825421699992136,-0.02386998140236696,-0.026243518221368483,-0.02149644458336544,0.05846017729144176,0.20742460972219773,0.21550536199211573,5.38674010254503e-05,-0.02467587598930129,,,,,,,,
current,targeted_context_rate,coverage:0.5-1,3044,1749,False,0.5181973969107793,0.5346781315722452,-0.016480734661465983,-0.019278727343267126,-0.013682741979664839,0.06001921208694552,0.1359842915289707,0.1486406181438097,3.851114622509349e-05,-0.013075304705165004,,,,,,,,
current,targeted_context_rate,coverage:1-inf,2031,1169,False,0.47457516945906963,0.47647813266392247,-0.0019029632048528744,-0.0047038835182272925,0.0008979571085215438,0.05223458075705911,0.10022264013009619,0.11301782612275152,3.474808725111341e-05,0.004807086263538098,,,,,,,,
current,targeted_context_rate,ead:0-100000,1892,1466,False,0.5621607037303517,0.5917979565581102,-0.029637252827758552,-0.032762667380821335,-0.02651183827469577,0.06583200860690516,0.1641789898657905,0.176885822129901,5.897623434916444e-05,-0.022392429097862526,,,,,,,,
current,targeted_context_rate,ead:100000-500000,4580,3340,False,0.5706390190493762,0.581821874111256,-0.011182855061879831,-0.013080215781084259,-0.009285494342675404,0.0549946743627821,0.16425378742675614,0.1732158217147107,3.792299942738057e-05,-0.01186808479139998,,,,,,,,
current,targeted_context_rate,ead:500000-inf,2223,1720,False,0.5616345521297341,0.5765470346855587,-0.014912482555824665,-0.017514707030443367,-0.012310258081205963,0.05541777034687021,0.16135412761871795,0.17060563815365531,5.347248585783207e-05,-0.014172670926639952,,,,,,,,
