model,metric,low,high
direct_new,rmse,0.21373740879045303,0.23793581167047262
direct_new,mae,0.1442030503232979,0.16223104295474527
direct_new,bias,-0.026480704234654817,-0.0028574963605448793
direct_new,slope,0.8729381899144613,1.0507760301727203
direct_new,intercept,0.007169200573204866,0.037053726212234434
direct_new,cure_brier_component,0.1788426438874352,0.1990885231366908
component,rmse,0.21612927735258458,0.2367162831391391
component,mae,0.15044758926396676,0.16672013499801844
component,bias,-0.029560138868554804,-0.0039342929145636
component,slope,1.0482124473651575,1.2476934891924014
component,intercept,-0.026682406007411143,0.0035797681364786917
component,cure_brier_component,0.18002482807997577,0.19937566129779866
