split,feature,min,max,missing,mean,std
development,predefault_pd,0.00563272205577,0.477474755913,0,0.08079064817363474,0.05524859399120001
development,predefault_rating,3.0,7.0,0,4.985679688322628,1.2965515435500703
development,rating_migration,1.0,1.0,0,1.0,0.0
development,financial_strength,-3.79511577552,3.38638684533,0,-0.09233083527256813,0.9907184411252241
development,previous_defaults,0.0,1.0,0,0.060756028219437715,0.23888854675010307
development,utilization,0.707564045632,0.962168718111,0,0.8398162997078129,0.03017639337200814
development,delinquency,90.0,90.0,0,90.0,0.0
development,age,0.0,24.0,0,7.255817626618932,7.665120113099805
development,months_since_last_recovery,0.0,24.0,0,1.9843108350005265,3.0129795617392148
development,recovered_ratio,0.0,0.999745650416,0,0.09168231973830807,0.18895267056651732
development,collateral_ratio,0.0,3701.97448326,0,1.3073446409939817,36.4676268791809
development,haircut,0.0,0.4,0,0.1515847109613562,0.1524190762380021
development,lien,1.0,2.0,0,1.154680425397494,0.3616092860294878
development,enforcement,0.0,1.0,0,0.29288196272507105,0.45509671803277035
development,guarantee_ratio,0.0,1.0,0,0.21728125660274156,0.35220921800346244
development,guarantor_quality,0.0,0.999883414588,0,0.22695540156924413,0.3300987044203317
development,enforceability,0.0,1.0,0,0.31857428661682635,0.46593576836881384
development,claim,0.0,1.0,0,0.18368958618511108,0.3872410321831523
development,restructured,0.0,1.0,0,0.130988733284195,0.3373969151215521
development,cost_ratio,0.0,0.0565427648831,0,0.009256469905995943,0.010212769236131685
development,growth,-1.2326469254,5.41482404744,0,2.068935326672378,1.2468523978723656
development,unemployment,3.58750018556,7.32606778094,0,5.510879134243446,0.7421543122567921
development,price_change,-0.152172315079,0.183673432071,0,0.01005410095080599,0.06222266577799021
development,rate,0.02,0.0951112800567,0,0.05265249503641097,0.01313501728234404
development,mi_ratio,0.0,15.6875409214,0,0.04716330132708978,0.21136482049327418
development,ead,141.125263353,7304429.43604,0,334545.66493495775,323727.0701641304
validation,predefault_pd,0.00543887058045,0.472405130633,0,0.09303714072433585,0.05792083242254262
validation,predefault_rating,3.0,7.0,0,5.3190137649372256,1.2576062058925497
validation,rating_migration,1.0,1.0,0,1.0,0.0
validation,financial_strength,-3.32077097259,3.6027670543,0,-0.06887706681632487,0.9831381273425965
validation,previous_defaults,0.0,1.0,0,0.05536227499621842,0.22870331293657953
validation,utilization,0.733373482051,0.938290762519,0,0.8405944268877706,0.0300043470041717
validation,delinquency,90.0,90.0,0,90.0,0.0
validation,age,0.0,24.0,0,7.529269399485706,7.808942916050938
validation,months_since_last_recovery,0.0,24.0,0,2.1447587354409317,3.1887298200667944
validation,recovered_ratio,0.0,0.996082951162,0,0.09752435668911595,0.19635579462970565
validation,collateral_ratio,0.0,249.606123393,0,1.1323368865585026,7.216435749388012
validation,haircut,0.0,0.4,0,0.15719255785811523,0.1560118957962226
validation,lien,1.0,2.0,0,1.1648767206171533,0.37109731680067026
validation,enforcement,0.0,1.0,0,0.30146725155044624,0.45892984899934963
validation,guarantee_ratio,0.0,1.0,0,0.22402172779373772,0.3555839521279643
validation,guarantor_quality,0.0,0.999798062839,0,0.22704628063100227,0.32923218478411886
validation,enforceability,0.0,1.0,0,0.3309635456058085,0.47059555440601075
validation,claim,0.0,1.0,0,0.18938133414006958,0.3918408723410684
validation,restructured,0.0,1.0,0,0.1358342157011042,0.34263835159674294
validation,cost_ratio,0.0,0.0561007062202,0,0.010008864979886367,0.010755401790156102
validation,growth,-1.25520954851,3.2800754626,0,1.2580881048475134,0.7671487380064826
validation,unemployment,4.86834933646,7.39806465754,0,5.996499094076589,0.4514471220491064
validation,price_change,-0.158172054795,0.0769360028288,0,-0.030241928347727307,0.03841957782450623
validation,rate,0.040884176885,0.0865115233523,0,0.06112854544772603,0.00815231013418001
validation,mi_ratio,0.0,9.74528327378,0,0.05642968730941709,0.18005550929308275
validation,ead,624.65804555,4125758.27594,0,326674.9756392444,324205.84736834443
final,predefault_pd,0.00432333874395,0.314578605314,0,0.0692343076855457,0.0463391549891461
final,predefault_rating,3.0,7.0,0,4.712721417069243,1.2384752995078205
final,rating_migration,1.0,1.0,0,1.0,0.0
final,financial_strength,-3.44714511695,3.53592948266,0,-0.09258561525385064,0.9734023392911066
final,previous_defaults,0.0,1.0,0,0.06183574879227053,0.24087638362729782
final,utilization,0.744744352878,0.928917727889,0,0.8404682366173267,0.029059960096543807
final,delinquency,90.0,90.0,0,90.0,0.0
final,age,0.0,24.0,0,7.081159420289855,7.539439391915481
final,months_since_last_recovery,0.0,24.0,0,1.7974235104669887,2.8447553633261773
final,recovered_ratio,0.0,0.998359076707,0,0.08726599329826734,0.1802287039710017
final,collateral_ratio,0.0,487.252276629,0,1.0453220987030107,7.5604295392591965
final,haircut,0.0,0.4,0,0.15500805152979066,0.1530646029766432
final,lien,1.0,2.0,0,1.14573268921095,0.35286643816939706
final,enforcement,0.0,1.0,0,0.29033816425120773,0.4539549526400444
final,guarantee_ratio,0.0,1.0,0,0.20391843814784702,0.3430814126848208
final,guarantor_quality,0.0,0.99989971219,0,0.2123769023456324,0.32513993309851474
final,enforceability,0.0,1.0,0,0.29887278582930754,0.45780082215816464
final,claim,0.0,1.0,0,0.16843800322061192,0.3742849194653176
final,restructured,0.0,1.0,0,0.12028985507246377,0.3253263728540231
final,cost_ratio,0.0,0.0531732415838,0,0.008622652076649893,0.009726422291356663
final,growth,-0.421312260291,4.8888567187,0,2.7021385168622634,1.0716827477886437
final,unemployment,3.9030805828,6.83926698188,0,5.13210990813933,0.6364570145254844
final,price_change,-0.111605581823,0.157375065634,0,0.041560400417735475,0.053505488401790674
final,rate,0.0239848010452,0.0783582000803,0,0.04597540865721736,0.011217648999487238
final,mi_ratio,0.0,53.1006888068,0,0.05353806689766288,0.7566042894823504
final,ead,327.331134522,3034716.33664,0,333257.659003066,320000.3944808766
