split,model,n,mae,rmse,bias,r2,predicted_mean,realized_mean
development,without_interest,15964,0.16853543923328695,0.23255658232730667,-0.01650640639571865,0.3284810723148278,0.21887525985055212,0.23538166624627077
development,without_guarantees,15964,0.17274277387465176,0.23605215206966115,-0.008451657952084803,0.3081420844967978,0.22693000829418597,0.23538166624627077
development,direct_new,15964,0.10248330814234011,0.14371340841658986,1.4559906667673359e-05,0.7435542153305552,0.23539622615293845,0.23538166624627077
development,without_history,15964,0.1690005142411698,0.23266986885992272,-0.013467441063495962,0.3278266717442502,0.22191422518277484,0.23538166624627077
development,without_collateral,15964,0.1706633062112834,0.23463567708018876,-0.015522572034414265,0.3164204169777347,0.2198590942118565,0.23538166624627077
development,component,15964,0.16838912801445863,0.23258173455537523,-0.016480745703201446,0.32833580779094573,0.21890092054306934,0.23538166624627077
development,without_macro,15964,0.16853606433873744,0.23378200460786291,-0.01631244686885373,0.3213854888923704,0.21906921937741705,0.23538166624627077
development,without_costs,15964,0.1704790413359535,0.23510868779926214,-0.013396196782772162,0.3136615323006119,0.22198546946349862,0.23538166624627077
development,without_credit,15964,0.1705159941004527,0.2353829088446353,-0.015998994760947804,0.3120595650306601,0.21938267148532298,0.23538166624627077
development,without_age,15964,0.17004166079782612,0.23426491954594716,-0.014847735592217987,0.3185790149070653,0.2205339306540528,0.23538166624627077
development,retained_transfer,15964,0.2702496484492164,0.32062855913662225,0.15505240888991945,-0.2764546575964837,0.3904340751361902,0.23538166624627077
validation,without_interest,5461,0.19113113398960055,0.2574926583057363,-0.031360621759550525,0.2828978432742709,0.24796317228291703,0.2793237940424676
validation,without_guarantees,5461,0.19676860208685024,0.2601574619368684,-0.020433615943613377,0.26797839175068694,0.2588901780988542,0.2793237940424676
validation,direct_new,5461,0.19132814860952793,0.26243502773303096,-0.02476196473524271,0.25510522416218473,0.2545618293072248,0.2793237940424676
validation,without_history,5461,0.19249059530865947,0.2581725343742796,-0.027253919982754258,0.27910601291902803,0.2520698740597133,0.2793237940424676
validation,without_collateral,5461,0.1933974236794791,0.25990901917945497,-0.030208496384083412,0.2693758425667341,0.24911529765838414,0.2793237940424676
validation,component,5461,0.19123567377317172,0.2576792296716596,-0.031242790143859923,0.2818582858739279,0.24808100389860765,0.2793237940424676
validation,without_macro,5461,0.18938835513043453,0.26020287833425976,-0.039575749522319334,0.26772278742617217,0.23974804452014822,0.2793237940424676
validation,without_costs,5461,0.1941862611061563,0.26051993459011596,-0.026406952204398672,0.2659371459776695,0.2529168418380689,0.2793237940424676
validation,without_credit,5461,0.19068778535373634,0.25804486375983543,-0.03170846333808957,0.279818824772497,0.24761533070437802,0.2793237940424676
validation,without_age,5461,0.1932480420975877,0.2597742028518658,-0.029319381000143193,0.2701336040309882,0.2500044130423244,0.2793237940424676
validation,retained_transfer,5461,0.2842481776940122,0.33426180826016977,0.14246677332816934,-0.20843930794125543,0.4217905673706369,0.2793237940424676
final,without_interest,5290,0.158513130173855,0.22590925060202605,-0.01765431358858667,0.35176107295613623,0.19664426495616968,0.21429857854475637
final,without_guarantees,5290,0.16211885393110265,0.22980894687118905,-0.011912583615547248,0.329187815694563,0.20238599492920908,0.21429857854475637
final,direct_new,5290,0.15291927039836517,0.22620088330015042,-0.014251301331876833,0.3500863324102478,0.20004727721287954,0.21429857854475637
final,without_history,5290,0.1591327383851486,0.22668001344235214,-0.01551483563226107,0.34733017147848666,0.1987837429124953,0.21429857854475637
final,without_collateral,5290,0.15940485534910856,0.22704423647042232,-0.01781692227438039,0.3452311036653135,0.19648165627037598,0.21429857854475637
final,component,5290,0.1585660994418889,0.22647303395450996,-0.017875989902023156,0.3485215212617141,0.19642258864273324,0.21429857854475637
final,without_macro,5290,0.16034806938251422,0.2275765880004166,-0.012347782373354084,0.34215702547981197,0.20195079617140227,0.21429857854475637
final,without_costs,5290,0.16000414238666288,0.22836953922868858,-0.016764465638714074,0.337564758965481,0.19753411290604228,0.21429857854475637
final,without_credit,5290,0.16224850514810787,0.23021339768094043,-0.018051926791367856,0.32682455455559145,0.19624665175338848,0.21429857854475637
final,without_age,5290,0.15963502717743114,0.2277212651542913,-0.01695155868176142,0.34132033922120397,0.19734701986299494,0.21429857854475637
final,retained_transfer,5290,0.2709638256439322,0.3181792908923755,0.15416744903022772,-0.28591095581479076,0.36846602757498403,0.21429857854475637
