split,feature,missing,outside,n
validation,predefault_pd,0,2,6611
validation,predefault_rating,0,0,6611
validation,rating_migration,0,0,6611
validation,financial_strength,0,5,6611
validation,previous_defaults,0,0,6611
validation,utilization,0,0,6611
validation,delinquency,0,0,6611
validation,age,0,0,6611
validation,months_since_last_recovery,0,0,6611
validation,recovered_ratio,0,0,6611
validation,collateral_ratio,0,0,6611
validation,haircut,0,0,6611
validation,lien,0,0,6611
validation,enforcement,0,0,6611
validation,guarantee_ratio,0,0,6611
validation,guarantor_quality,0,0,6611
validation,enforceability,0,0,6611
validation,claim,0,0,6611
validation,restructured,0,0,6611
validation,cost_ratio,0,0,6611
validation,growth,0,1,6611
validation,unemployment,0,6,6611
validation,price_change,0,2,6611
validation,rate,0,0,6611
validation,mi_ratio,0,0,6611
validation,ead,0,0,6611
final,predefault_pd,0,3,6210
final,predefault_rating,0,0,6210
final,rating_migration,0,0,6210
final,financial_strength,0,3,6210
final,previous_defaults,0,0,6210
final,utilization,0,0,6210
final,delinquency,0,0,6210
final,age,0,0,6210
final,months_since_last_recovery,0,0,6210
final,recovered_ratio,0,0,6210
final,collateral_ratio,0,0,6210
final,haircut,0,0,6210
final,lien,0,0,6210
final,enforcement,0,0,6210
final,guarantee_ratio,0,0,6210
final,guarantor_quality,0,5,6210
final,enforceability,0,0,6210
final,claim,0,0,6210
final,restructured,0,0,6210
final,cost_ratio,0,0,6210
final,growth,0,0,6210
final,unemployment,0,0,6210
final,price_change,0,0,6210
final,rate,0,0,6210
final,mi_ratio,0,2,6210
final,ead,0,0,6210
