split,month,at_risk,resolutions,survival
development,1,4800,121,0.9747916666666667
development,2,4679,271,0.9183333333333334
development,3,4408,109,0.8956250000000001
development,4,4299,124,0.8697916666666667
development,5,4175,96,0.8497916666666667
development,6,4079,99,0.8291666666666667
development,7,3980,101,0.8081250000000001
development,8,3879,103,0.7866666666666667
development,9,3776,99,0.7660416666666667
development,10,3677,90,0.7472916666666668
development,11,3587,97,0.7270833333333334
development,12,3490,80,0.7104166666666668
development,13,3410,78,0.6941666666666668
development,14,3332,97,0.6739583333333334
development,15,3235,94,0.6543750000000002
development,16,3141,81,0.6375000000000002
development,17,3060,79,0.6210416666666668
development,18,2981,88,0.6027083333333335
development,19,2893,58,0.5906250000000002
development,20,2835,68,0.5764583333333335
development,21,2767,75,0.5608333333333335
development,22,2692,70,0.5462500000000001
development,23,2622,63,0.5331250000000002
development,24,2559,54,0.5218750000000002
development,25,2261,55,0.5091801194161877
development,26,2206,36,0.5008707430340559
development,27,2170,49,0.48956075851393205
development,28,2121,56,0.47663506191950483
development,29,2065,44,0.46647915745245483
development,30,2021,56,0.45355346085802756
development,31,1965,48,0.4424742923485185
development,32,1917,46,0.4318567558602389
development,33,1871,40,0.42262411543564804
development,34,1831,49,0.4113141309155242
development,35,1782,38,0.40254312251216284
development,36,1744,51,0.39077150597080945
development,37,1394,31,0.3820814653071831
development,38,1363,28,0.37423239632068195
development,39,1335,25,0.3672242990113059
development,40,1310,31,0.35853425834767955
development,41,1279,41,0.3470409787603028
development,42,1238,25,0.34003288145092675
development,43,1213,29,0.33190348857205054
development,44,1184,18,0.32685765850929976
development,45,1166,20,0.3212511806617989
development,46,1146,25,0.31424308335242285
development,47,1121,26,0.30695466215067174
development,48,1095,12,0.3035907754421712
development,49,1083,18,0.29854494537942045
development,50,1065,12,0.2951810586709199
development,51,1053,15,0.2909762002852943
development,52,1038,17,0.28621069411491856
development,53,1021,14,0.282286159621668
development,54,1007,9,0.2797632445902926
development,55,998,9,0.27724032955891725
development,56,989,18,0.2721944994961665
development,57,971,15,0.26798964111054085
development,58,956,10,0.2651864021867904
development,59,946,22,0.25901927655453943
development,60,924,740,0.05157959619700786
development,61,121,93,0.011935774326580332
development,62,28,22,0.002557665927124357
development,63,6,6,0.0
final,1,1600,46,0.97125
final,2,1554,93,0.913125
final,3,1461,47,0.8837499999999999
final,4,1414,33,0.8631249999999999
final,5,1381,37,0.84
final,6,1344,32,0.82
final,7,1312,39,0.7956249999999999
final,8,1273,27,0.7787499999999999
final,9,1246,43,0.751875
final,10,1203,33,0.73125
final,11,1170,19,0.7193749999999999
final,12,1151,38,0.6956249999999998
final,13,1113,40,0.6706249999999999
final,14,1073,31,0.6512499999999999
final,15,1042,35,0.6293749999999999
final,16,1007,31,0.6099999999999999
final,17,976,26,0.5937499999999999
final,18,950,35,0.5718749999999999
final,19,915,34,0.5506249999999999
final,20,881,28,0.533125
final,21,853,21,0.5199999999999999
final,22,832,31,0.5006249999999999
final,23,801,16,0.49062499999999987
final,24,785,14,0.4818749999999999
final,25,712,19,0.46901597612359536
final,26,693,14,0.45954090589887625
final,27,679,25,0.4426211376404493
final,28,654,14,0.4331460674157302
final,29,640,8,0.42773174157303356
final,30,632,15,0.4175798806179774
final,31,617,23,0.4020136938202246
final,32,594,11,0.3945689957865168
final,33,583,12,0.3864475070224718
final,34,571,11,0.379002808988764
final,35,560,19,0.3661437851123595
final,36,541,13,0.3573455056179775
final,37,425,8,0.3506190019828156
final,38,417,8,0.3438924983476537
final,39,409,8,0.33716599471249176
final,40,401,14,0.3253946133509584
final,41,387,5,0.32119054857898216
final,42,382,8,0.31446404494382024
final,43,374,5,0.31025998017184403
final,44,369,9,0.30269266358228686
final,45,360,6,0.2976477858559154
final,46,354,7,0.29176209517514873
final,47,347,5,0.2875580304031725
final,48,342,5,0.2833539656311963
final,49,337,4,0.27999071381361534
final,50,333,1,0.2791499008592201
final,51,332,4,0.27578664904163913
final,52,328,3,0.2732642101784534
final,53,325,6,0.268219332452082
final,54,319,3,0.26569689358889625
final,55,316,8,0.25897038995373434
final,56,308,9,0.25140307336417717
final,57,299,1,0.2505622604097819
final,58,298,1,0.24972144745538666
final,59,297,6,0.2446765697290152
final,60,291,234,0.04792633840052874
final,61,35,29,0.008215943725804925
final,62,6,4,0.0027386479086016417
final,63,2,1,0.0013693239543008209
final,64,1,1,0.0
validation,1,1600,28,0.9825
validation,2,1572,61,0.944375
validation,3,1511,35,0.9225
validation,4,1476,32,0.9025
validation,5,1444,24,0.8875000000000001
validation,6,1420,30,0.8687500000000001
validation,7,1390,27,0.8518750000000002
validation,8,1363,40,0.8268750000000001
validation,9,1323,21,0.8137500000000002
validation,10,1302,28,0.7962500000000002
validation,11,1274,39,0.7718750000000002
validation,12,1235,29,0.7537500000000001
validation,13,1206,19,0.7418750000000002
validation,14,1187,25,0.7262500000000002
validation,15,1162,23,0.7118750000000001
validation,16,1139,25,0.6962500000000001
validation,17,1114,24,0.6812500000000001
validation,18,1090,22,0.6675000000000001
validation,19,1068,22,0.65375
validation,20,1046,18,0.6425000000000001
validation,21,1028,21,0.629375
validation,22,1007,28,0.6118750000000001
validation,23,979,21,0.59875
validation,24,958,19,0.586875
validation,25,846,17,0.5750820035460994
validation,26,829,14,0.5653701241134753
validation,27,815,18,0.5528834219858157
validation,28,797,13,0.5438652482269505
validation,29,784,18,0.5313785460992909
validation,30,766,25,0.5140359042553193
validation,31,741,17,0.5022429078014186
validation,32,724,10,0.4953058510638299
validation,33,714,17,0.48351285460992915
validation,34,697,15,0.4731072695035462
validation,35,682,15,0.46270168439716325
validation,36,667,18,0.4502149822695036
validation,37,543,7,0.44441110588665556
validation,38,536,6,0.43943635470135717
validation,39,530,8,0.4328033531209593
validation,40,522,14,0.42119560035526304
validation,41,508,7,0.4153917239724149
validation,42,501,6,0.41041697278711653
validation,43,495,12,0.40046747041651976
validation,44,483,11,0.3913470932434727
validation,45,472,10,0.3830558412679754
validation,46,462,8,0.3764228396875776
validation,47,454,7,0.3706189633047295
validation,48,447,7,0.36481508692188136
validation,49,440,3,0.36232771132923214
validation,50,437,7,0.35652383494638407
validation,51,430,6,0.3515490837610857
validation,52,424,3,0.3490617081684365
validation,53,421,5,0.34491608218068787
validation,54,416,6,0.3399413309953895
validation,55,410,6,0.3349665798100911
validation,56,404,2,0.3333083294149916
validation,57,402,5,0.32916270342724296
validation,58,397,3,0.32667532783459374
validation,59,394,8,0.32004232625419593
validation,60,386,310,0.06301351501377953
validation,61,45,34,0.015403303670034996
validation,62,11,9,0.0028006006672790895
validation,63,2,2,0.0
