phase,model,cohort,n,observation_share,ead,ead_share,mae,rmse,bias,mean_predicted,mean_realized,ead_weighted_bias
final,frozen_v5,all,1017,1.0,429539778.59,1.0,0.12810571923788144,0.18128810761782507,0.016440093957193057,0.5215243982530264,0.5050843042958334,-0.0020953115292041166
final,frozen_v5,realized_gt60,420,0.41297935103244837,182325511.41,0.42446711689543315,0.10337093551635827,0.13012513613019214,-0.07335163149275623,0.6641423153100176,0.7374939468027738,-0.07706813254298552
final,frozen_v5,realized_gt75,168,0.16519174041297935,69965695.07,0.1628852519775193,0.11381126193865948,0.14149413211298686,-0.10417699088805502,0.722343172922933,0.8265201638109881,-0.11767399682345175
final,frozen_v5,realized_gt90,29,0.028515240904621434,14322370.68,0.03334352577778564,0.15304970521488243,0.18065789373925498,-0.15304970521488243,0.7688287577488072,0.9218784629636897,-0.16028598398240693
final,frozen_v5,realized_le10,37,0.03638151425762045,16848356.26,0.039224204834546715,0.08819209459161646,0.15011011823227818,0.05984750139413597,0.12347235427233866,0.0636248528782027,0.0868292749949228
final,frozen_v5,predicted_top10,102,0.10029498525073746,39252987.15,0.09138382312076239,0.15055065285847763,0.25007988989811275,0.10919538155201493,0.8176874647731228,0.7084920832211079,0.09561146115726146
final,frozen_v5,collateral_type:Cash,107,1.0,46564790.73,1.0,0.08027484888610534,0.10699519711741554,-0.044999581335144874,0.14921544258312802,0.19421502391827292,-0.06374736108068607
final,frozen_v5,collateral_type:Mortgage,327,1.0,134781733.16,1.0,0.10400543561381964,0.13311507588569385,-0.018740028658692866,0.4378627741879769,0.4566028028466697,-0.03143216839650771
final,frozen_v5,collateral_type:Other,195,1.0,74102971.16,1.0,0.13506442962780327,0.183755424141153,0.04080167729233195,0.5710480473956371,0.5302463701033051,0.039049544084784636
final,frozen_v5,collateral_type:Unsecured,388,1.0,174090283.54,1.0,0.1581102227086895,0.22601693783603088,0.050789157362664115,0.6698164027456585,0.6190272453829944,0.01959418815886447
final,frozen_v5,product_type:Financial Guarantee,39,1.0,18905114.55,1.0,0.13893875453229435,0.17676032909562842,-0.01831950159155978,0.5349122190957223,0.5532317206872821,0.020467103468136984
final,frozen_v5,product_type:Import LC,88,1.0,8897718.08,1.0,0.12416577223000261,0.17802781843044038,0.011927901507497037,0.49180831113146745,0.47988040962397044,-0.025699995447747072
final,frozen_v5,product_type:OVD,362,1.0,139088404.18,1.0,0.1358368686927855,0.18978879208143112,0.03576727664896129,0.5481084978647959,0.5123412212158346,0.027725144347108887
final,frozen_v5,product_type:Performance Guarantee,65,1.0,11669708.0,1.0,0.14146335478936478,0.19846625215488412,0.019825171274129784,0.5580878563378036,0.5382626850636739,0.017298452410991476
final,frozen_v5,product_type:Term Loan,463,1.0,250978833.78,1.0,0.12002214374477037,0.1727497324182633,0.004639288345861792,0.50012660520521,0.49548731685934816,-0.020385763875309357
final,frozen_v5,predicted_0.0_0.2,86,1.0,37170112.96,1.0,0.06527418483642858,0.0856769733855222,-0.034554158674244946,0.11637019285290853,0.1509243515271535,-0.053221234627061145
final,frozen_v5,predicted_0.2_0.4,177,1.0,80487470.85,1.0,0.0966272454552511,0.12290587348373264,-0.028754010885342088,0.3229098168423133,0.35166382772765536,-0.04323868067765541
final,frozen_v5,predicted_0.4_0.6,340,1.0,147816758.57,1.0,0.12878074602573794,0.15984348183128036,-0.018535564639544845,0.49213206491419487,0.5106676295537398,-0.03419077284951888
final,frozen_v5,predicted_0.6_0.8,346,1.0,138369809.1,1.0,0.14959258616028204,0.21381779843853285,0.06202846532812055,0.690599506976039,0.6285710416479185,0.04862942353950424
final,frozen_v5,predicted_0.8_1.0,68,1.0,25695627.11,1.0,0.17680037740006857,0.28732134447847707,0.14148435442752194,0.8375751084169485,0.6960907539894264,0.11221819396480025
final,s1_same_spec,all,1017,1.0,429539778.59,1.0,0.14757534104676062,0.19724099860707972,0.052015983441761414,0.5571002877375948,0.5050843042958334,0.04115490052828252
final,s1_same_spec,realized_gt60,420,0.41297935103244837,182325511.41,0.42446711689543315,0.10918342074368147,0.13846502885949116,-0.08428993040296133,0.6532040163998125,0.7374939468027738,-0.08315383196160406
final,s1_same_spec,realized_gt75,168,0.16519174041297935,69965695.07,0.1628852519775193,0.1502061397702895,0.17254154334279725,-0.1447512465846485,0.6817689172263396,0.8265201638109881,-0.1469015584987015
final,s1_same_spec,realized_gt90,29,0.028515240904621434,14322370.68,0.03334352577778564,0.19642945063383174,0.2138198880496962,-0.19642945063383174,0.725449012329858,0.9218784629636897,-0.208013210952911
final,s1_same_spec,realized_le10,37,0.03638151425762045,16848356.26,0.039224204834546715,0.1936069222753246,0.23807568855547237,0.18278055107934257,0.24640540395754526,0.0636248528782027,0.22092027090823402
final,s1_same_spec,predicted_top10,102,0.10029498525073746,49095192.18,0.11429719580607656,0.1605732848827649,0.2441117137869437,0.11078989300424556,0.7878450079120887,0.6770551149078432,0.1069367579656594
final,s1_same_spec,collateral_type:Cash,107,1.0,46564790.73,1.0,0.12672758478558627,0.15782923163996176,0.07334908309140416,0.26756410700967703,0.19421502391827292,0.0636515630566081
final,s1_same_spec,collateral_type:Mortgage,327,1.0,134781733.16,1.0,0.13614584616047093,0.1706476338058331,0.0622711700585267,0.5188739729051964,0.4566028028466697,0.056593239014631445
final,s1_same_spec,collateral_type:Other,195,1.0,74102971.16,1.0,0.13701175492045503,0.18819907329239982,0.046746931164507996,0.5769933012678131,0.5302463701033051,0.04432776781126305
final,s1_same_spec,collateral_type:Unsecured,388,1.0,174090283.54,1.0,0.1682662019807605,0.2296954380056187,0.04013809042080883,0.6591653358038032,0.6190272453829944,0.021834595997627004
final,s1_same_spec,product_type:Financial Guarantee,39,1.0,18905114.55,1.0,0.16406320516744155,0.20668454492492985,0.05071109290383565,0.6039428135911178,0.5532317206872821,0.08466756939578646
final,s1_same_spec,product_type:Import LC,88,1.0,8897718.08,1.0,0.14046514794369913,0.1888558790387842,0.05522632084185348,0.5351067304658239,0.47988040962397044,0.025470091687526165
final,s1_same_spec,product_type:OVD,362,1.0,139088404.18,1.0,0.14937961181746504,0.20045845177999508,0.05444164181330555,0.5667828630291402,0.5123412212158346,0.05039046169525581
final,s1_same_spec,product_type:Performance Guarantee,65,1.0,11669708.0,1.0,0.14867151286156355,0.20862387688824902,0.05709739882290499,0.5953600838865789,0.5382626850636739,0.06050728744815987
final,s1_same_spec,product_type:Term Loan,463,1.0,250978833.78,1.0,0.1459733391145914,0.19377564660382593,0.048905833786248874,0.544393150645597,0.49548731685934816,0.03241532230187946
final,s1_same_spec,predicted_0.0_0.2,29,1.0,10602704.9,1.0,0.07389343797713203,0.08536951041195953,0.026904941986834838,0.13770356310385554,0.1107986211170207,0.0465913889531529
final,s1_same_spec,predicted_0.2_0.4,136,1.0,56126971.86,1.0,0.12095751732989285,0.15453392471134006,0.028148966350910576,0.31754762641933926,0.2893986600684287,-0.0010348530723453449
final,s1_same_spec,predicted_0.4_0.6,395,1.0,180177342.09,1.0,0.14504893542716335,0.1792810165090941,0.042075637105399626,0.5153306117092826,0.47325497460388305,0.026365771165585503
final,s1_same_spec,predicted_0.6_0.8,421,1.0,164019034.96,1.0,0.16063797245682454,0.22170917284887165,0.06332846314526439,0.6784536975408411,0.6151252343955768,0.05676410528167109
final,s1_same_spec,predicted_0.8_1.0,36,1.0,18613724.78,1.0,0.1824464968972394,0.2746739229046252,0.13918313272611538,0.8390698282286432,0.6998866955025278,0.17088718030864852
final,s1_captured_features,all,1017,1.0,429539778.59,1.0,0.12391407241474117,0.17084594354151494,0.014812407168131867,0.5198967114639651,0.5050843042958334,0.002978742943249522
final,s1_captured_features,realized_gt60,420,0.41297935103244837,182325511.41,0.42446711689543315,0.10923381886589979,0.13107779033116473,-0.10152380265951605,0.6359701441432577,0.7374939468027738,-0.09770438041464465
final,s1_captured_features,realized_gt75,168,0.16519174041297935,69965695.07,0.1628852519775193,0.1531541455147209,0.16811414543723338,-0.15310250987826513,0.673417653932723,0.8265201638109881,-0.15189043746244252
final,s1_captured_features,realized_gt90,29,0.028515240904621434,14322370.68,0.03334352577778564,0.1997185901227393,0.21028864280135928,-0.1997185901227393,0.7221598728409503,0.9218784629636897,-0.17999318319497964
final,s1_captured_features,realized_le10,37,0.03638151425762045,16848356.26,0.039224204834546715,0.10502645694265648,0.16040640686190863,0.07954355766179133,0.14316841053999402,0.0636248528782027,0.11089652488139419
final,s1_captured_features,predicted_top10,102,0.10029498525073746,43531206.7,0.10134383093201474,0.16144734700210964,0.238680714213395,0.048766635661090685,0.7492718073697379,0.7005051717086471,0.05325353723196817
final,s1_captured_features,collateral_type:Cash,107,1.0,46564790.73,1.0,0.06885194257879786,0.08686663426613488,0.017357139001292068,0.21157216291956496,0.19421502391827292,0.0036459597972307214
final,s1_captured_features,collateral_type:Mortgage,327,1.0,134781733.16,1.0,0.09476596703870362,0.12198240035416635,0.012008971864258231,0.4686117747109279,0.4566028028466697,0.008396610148499212
final,s1_captured_features,collateral_type:Other,195,1.0,74102971.16,1.0,0.12864035287518816,0.16976178180187115,0.02483346535923688,0.555079835462542,0.5302463701033051,0.02622065489953418
final,s1_captured_features,collateral_type:Unsecured,388,1.0,174090283.54,1.0,0.16128895298335733,0.21771869668494806,0.011436970804608827,0.6304642161876032,0.6190272453829944,-0.011287378209690174
final,s1_captured_features,product_type:Financial Guarantee,39,1.0,18905114.55,1.0,0.1348553416176936,0.1760222416452282,-0.002610937860177349,0.5506207828271047,0.5532317206872821,0.02955844604935061
final,s1_captured_features,product_type:Import LC,88,1.0,8897718.08,1.0,0.12147054480958008,0.16442679031241877,0.019827534977323022,0.4997079446012935,0.47988040962397044,-0.009885505329788958
final,s1_captured_features,product_type:OVD,362,1.0,139088404.18,1.0,0.12666536033412923,0.1742448653365199,0.020810377887571188,0.5331515991034057,0.5123412212158346,0.012103080751643354
final,s1_captured_features,product_type:Performance Guarantee,65,1.0,11669708.0,1.0,0.13477980008114757,0.1858690522197936,0.01265436949171976,0.5509170545553936,0.5382626850636739,0.013478359966983107
final,s1_captured_features,product_type:Term Loan,463,1.0,250978833.78,1.0,0.11978034110848663,0.16666355076671843,0.01094023925760269,0.5064275561169509,0.49548731685934816,-0.004112081810477427
final,s1_captured_features,predicted_0.0_0.2,52,1.0,20719106.56,1.0,0.05405090866699939,0.06365865379740922,0.012013598969228618,0.12381651027819977,0.11180291130897115,0.011906650047701485
final,s1_captured_features,predicted_0.2_0.4,166,1.0,72025456.36,1.0,0.07094188389184322,0.09077367684403438,0.021483817262920632,0.31782482450681643,0.2963410072438958,0.0038566683185990245
final,s1_captured_features,predicted_0.4_0.6,432,1.0,187937973.65,1.0,0.12613792467566937,0.15879985173884031,0.004173828090837785,0.509597808002244,0.5054239799114063,-0.006394147714062813
final,s1_captured_features,predicted_0.6_0.8,357,1.0,142851629.23,1.0,0.1511502938931891,0.20950431459837812,0.018446283117597162,0.6751845707111849,0.6567382875935877,0.007514726316129891
final,s1_captured_features,predicted_0.8_1.0,10,1.0,6005612.79,1.0,0.29813732893041667,0.39276161627961026,0.24847804697212866,0.8350431355392287,0.5865650885671,0.1470669914194974
