model,lower,upper,n,predicted,observed
frozen_pd,0.0,0.01,3479,0.006186237515520914,0.009485484334578902
frozen_pd,0.01,0.025,4906,0.016664688220492822,0.014879739094985732
frozen_pd,0.025,0.05,3404,0.03541862459560081,0.036427732079905996
frozen_pd,0.05,0.1,1964,0.06896707076781013,0.06415478615071284
frozen_pd,0.1,0.2,839,0.13748721984012072,0.11680572109654351
frozen_pd,0.2,1.0,364,0.3245655009685182,0.32967032967032966
s1_pd,0.0,0.01,3608,0.006323778671293648,0.008314855875831485
s1_pd,0.01,0.025,5398,0.016562917204632804,0.017043349388662466
s1_pd,0.025,0.05,3292,0.03508446771848242,0.03948967193195626
s1_pd,0.05,0.1,1734,0.0684963580521276,0.07381776239907728
s1_pd,0.1,0.2,650,0.13515314092103592,0.1476923076923077
s1_pd,0.2,1.0,274,0.3145584284861277,0.35766423357664234
