cohort,model,target,slope,intercept
development,governed,conditional_mean,0.799753732094493,0.14785819920832705
development,governed,actual,0.7941650892691274,0.15345201235697337
development,existing_enhanced,conditional_mean,1.0348214921904215,-0.022229811004174687
development,existing_enhanced,actual,1.105097845504735,-0.05871848244874844
development,state_oracle_calibration,conditional_mean,1.0406227703770847,-0.02542241481188314
development,state_oracle_calibration,actual,1.0170609983840535,-0.009524076793016291
development,normal_scenario,conditional_mean,0.9721910485558157,0.05995180442608005
development,normal_scenario,actual,0.9630196852095184,0.06737186973475517
development,downturn_scenario,conditional_mean,1.088385048590897,-0.15521787135015883
development,downturn_scenario,actual,1.0803989468351984,-0.14725770128868163
development,canonical_proxy,conditional_mean,1.050704958242979,-0.031006954224548692
development,canonical_proxy,actual,1.0276694676536497,-0.015403364108478926
development,canonical_no_industry,conditional_mean,1.0242024876680889,-0.016032392796906825
development,canonical_no_industry,actual,1.0169664586943081,-0.00924926494600795
development,capture_required_proxy,conditional_mean,1.0284355565432748,-0.018270053831591127
development,capture_required_proxy,actual,1.022098956817979,-0.011989591005466703
selection,governed,conditional_mean,0.7955524081723447,0.12429734425896496
selection,governed,actual,0.7965076233204865,0.12194707016349722
selection,existing_enhanced,conditional_mean,1.0488294267905187,-0.03198389643895039
selection,existing_enhanced,actual,1.0346058786789145,-0.02623538772194302
selection,state_oracle_calibration,conditional_mean,1.026684624293227,-0.02039990935766162
selection,state_oracle_calibration,actual,1.0243113906680168,-0.020993066585249964
selection,normal_scenario,conditional_mean,0.9754928835464688,0.03201950021839741
selection,normal_scenario,actual,0.9806963866443904,0.027502698106068216
selection,downturn_scenario,conditional_mean,1.1184506149327258,-0.20271967927150022
selection,downturn_scenario,actual,1.1271673197265801,-0.21028902891247173
selection,canonical_proxy,conditional_mean,0.789578085981093,0.08176131626282374
selection,canonical_proxy,actual,0.8167912667327296,0.06447105364597026
selection,canonical_no_industry,conditional_mean,1.0228776901520127,-0.042659890480179104
selection,canonical_no_industry,actual,1.0283660008092874,-0.04759297030615911
selection,capture_required_proxy,conditional_mean,1.0222088045024575,-0.042084184914853155
selection,capture_required_proxy,actual,1.0294050803553587,-0.047970966005563734
final,governed,conditional_mean,0.8123413894670978,0.09753489864298863
final,governed,actual,0.7711697269127654,0.11536928418030724
final,existing_enhanced,conditional_mean,1.0409144611301508,-0.033111751990386275
final,existing_enhanced,actual,0.9729370631539467,-0.0007424752993117874
final,state_oracle_calibration,conditional_mean,1.004609575070843,-0.012706827741934226
final,state_oracle_calibration,actual,0.947573040154873,0.01388745716569385
final,normal_scenario,conditional_mean,0.9828321820896875,0.011045845614667725
final,normal_scenario,actual,0.9325062524239469,0.03352331850306014
final,downturn_scenario,conditional_mean,1.0899096629127372,-0.19960552128586587
final,downturn_scenario,actual,1.0418544776295202,-0.17137596902099034
final,canonical_proxy,conditional_mean,0.8605827842335677,0.026327159587791735
final,canonical_proxy,actual,0.8262937178746739,0.04254922793051945
final,canonical_no_industry,conditional_mean,1.0189404470970351,-0.056833239384621655
final,canonical_no_industry,actual,0.9684597670713634,-0.0318192488338353
final,capture_required_proxy,conditional_mean,1.0177257366668602,-0.0550051456296364
final,capture_required_proxy,actual,0.9681137290065152,-0.030529025411444623
current,governed,conditional_mean,0.8045961017720072,0.2156627796242607
current,existing_enhanced,conditional_mean,1.1115768408383464,-0.05115408850976985
current,state_oracle_calibration,conditional_mean,1.029195751287429,-0.02272038136475443
current,normal_scenario,conditional_mean,0.9738457414107581,0.12855580015897816
current,downturn_scenario,conditional_mean,1.0273334429045884,-0.048452378425284395
current,canonical_proxy,conditional_mean,0.7259855419830029,0.20546848912097163
current,canonical_no_industry,conditional_mean,0.9915818418798653,0.07094968556286539
current,capture_required_proxy,conditional_mean,1.0082289869852339,0.05898068478092745
