model,field,segment,n,ecl,delta
governed,all,all,8695,78746507.57437629,-8.940696716308594e-08
governed,stage,Stage 1,7802,50331673.57188824,-5.960464477539063e-08
governed,stage,Stage 2,859,23688620.204133935,-7.450580596923828e-09
governed,stage,Stage 3,34,4726213.798354119,-9.313225746154785e-10
governed,collateral_type,Cash,842,1689776.661079754,-2.561137080192566e-09
governed,collateral_type,Mortgage,3049,21887080.438374646,-2.60770320892334e-08
governed,collateral_type,Other,1674,14803158.826461233,-1.6763806343078613e-08
governed,collateral_type,Unsecured,3130,40366491.64846066,-4.470348358154297e-08
governed,industry,Construction,1077,10888588.569905363,-7.450580596923828e-09
governed,industry,Hospitality,668,6927791.743510223,-5.587935447692871e-09
governed,industry,Manufacturing,1661,11912851.069461972,-1.6763806343078613e-08
governed,industry,Retail,1629,14140480.505182637,-1.6763806343078613e-08
governed,industry,Services,2128,20369241.018231887,-1.862645149230957e-08
governed,industry,Technology,644,6041399.964730695,-5.587935447692871e-09
governed,industry,Transport,888,8466154.703353513,-7.450580596923828e-09
governed,downturn_at_default,0,1532,14507554.668084208,-1.1175870895385742e-08
governed,downturn_at_default,1,7163,64238952.90629208,-6.705522537231445e-08
existing_enhanced,all,all,8695,98182105.8777223,19435598.30334592
existing_enhanced,stage,Stage 1,7802,62571818.46334292,12240144.891454622
existing_enhanced,stage,Stage 2,859,29393459.14636065,5704838.942226708
existing_enhanced,stage,Stage 3,34,6216828.268018715,1490614.469664595
existing_enhanced,collateral_type,Cash,842,4935945.12506348,3246168.4639837234
existing_enhanced,collateral_type,Mortgage,3049,30702524.905901883,8815444.46752721
existing_enhanced,collateral_type,Other,1674,17639122.075581066,2835963.2491198163
existing_enhanced,collateral_type,Unsecured,3130,44904513.77117586,4538022.12271516
existing_enhanced,industry,Construction,1077,14141272.971363865,3252684.4014584944
existing_enhanced,industry,Hospitality,668,9415936.906753052,2488145.1632428234
existing_enhanced,industry,Manufacturing,1661,15070439.898181431,3157588.8287194427
existing_enhanced,industry,Retail,1629,17924591.720243637,3784111.215060983
existing_enhanced,industry,Services,2128,26614833.81443607,6245592.796204165
existing_enhanced,industry,Technology,644,6292392.355191746,250992.39046104532
existing_enhanced,industry,Transport,888,8722638.211552491,256483.50819897093
existing_enhanced,downturn_at_default,0,1532,15015030.56674424,507475.8986600209
existing_enhanced,downturn_at_default,1,7163,83167075.31097804,18928122.404685892
state_oracle_calibration,all,all,8695,99088980.17986901,20342472.605492637
state_oracle_calibration,stage,Stage 1,7802,63059328.9425803,12727655.370692
state_oracle_calibration,stage,Stage 2,859,29443499.010546967,5754878.806413025
state_oracle_calibration,stage,Stage 3,34,6586152.226741748,1859938.428387628
state_oracle_calibration,collateral_type,Cash,842,4270981.647609845,2581204.9865300884
state_oracle_calibration,collateral_type,Mortgage,3049,31636701.417753138,9749620.979378466
state_oracle_calibration,collateral_type,Other,1674,17707683.143329673,2904524.3168684226
state_oracle_calibration,collateral_type,Unsecured,3130,45473613.97117636,5107122.322715662
state_oracle_calibration,industry,Construction,1077,14281710.437066913,3393121.867161542
state_oracle_calibration,industry,Hospitality,668,9404807.893349145,2477016.149838916
state_oracle_calibration,industry,Manufacturing,1661,15345020.045628682,3432168.9761666935
state_oracle_calibration,industry,Retail,1629,18183512.391457178,4043031.886274524
state_oracle_calibration,industry,Services,2128,27133596.67090961,6764355.652677704
state_oracle_calibration,industry,Technology,644,6197591.22638286,156191.2616521595
state_oracle_calibration,industry,Transport,888,8542741.515074631,76586.81172111072
state_oracle_calibration,downturn_at_default,0,1532,14740332.74145749,232778.07337327115
state_oracle_calibration,downturn_at_default,1,7163,84348647.43841153,20109694.532119386
normal_scenario,all,all,8695,79687481.38225994,940973.8078835607
normal_scenario,stage,Stage 1,7802,50761453.95497055,429780.3830822557
normal_scenario,stage,Stage 2,859,23834387.18713671,145766.98300276697
normal_scenario,stage,Stage 3,34,5091640.240152678,365426.44179855846
normal_scenario,collateral_type,Cash,842,2319186.6068055322,629409.9457257758
normal_scenario,collateral_type,Mortgage,3049,23796650.94518625,1909570.5068115778
normal_scenario,collateral_type,Other,1674,14945822.654377751,142663.8279165011
normal_scenario,collateral_type,Unsecured,3130,38625821.175890416,-1740670.4725702852
normal_scenario,industry,Construction,1077,11004388.812088653,115800.24218328297
normal_scenario,industry,Hospitality,668,7119410.656719974,191618.91320974566
normal_scenario,industry,Manufacturing,1661,11942902.114214038,30051.04475205019
normal_scenario,industry,Retail,1629,14136597.095800666,-3883.409381987527
normal_scenario,industry,Services,2128,20743849.961979117,374608.94374721125
normal_scenario,industry,Technology,644,6197591.22638286,156191.2616521595
normal_scenario,industry,Transport,888,8542741.515074631,76586.81172111072
normal_scenario,downturn_at_default,0,1532,14740332.74145749,232778.07337327115
normal_scenario,downturn_at_default,1,7163,64947148.64080244,708195.7345102951
downturn_scenario,all,all,8695,103625715.27293879,24879207.698562413
downturn_scenario,stage,Stage 1,7802,65821908.79204543,15490235.220157132
downturn_scenario,stage,Stage 2,859,30716450.63317334,7027830.429039396
downturn_scenario,stage,Stage 3,34,7087355.847720015,2361142.049365895
downturn_scenario,collateral_type,Cash,842,4901572.306033525,3211795.6449537682
downturn_scenario,collateral_type,Mortgage,3049,33192495.34337262,11305414.904997949
downturn_scenario,collateral_type,Other,1674,18527698.31218318,3724539.485721929
downturn_scenario,collateral_type,Unsecured,3130,47003949.31134947,6637457.662888765
downturn_scenario,industry,Construction,1077,14281710.437066913,3393121.867161542
downturn_scenario,industry,Hospitality,668,9404807.893349145,2477016.149838916
downturn_scenario,industry,Manufacturing,1661,15345020.045628682,3432168.9761666935
downturn_scenario,industry,Retail,1629,18183512.391457178,4043031.886274524
downturn_scenario,industry,Services,2128,27133596.67090961,6764355.652677704
downturn_scenario,industry,Technology,644,8171659.171934487,2130259.207203787
downturn_scenario,industry,Transport,888,11105408.662592769,2639253.959239248
downturn_scenario,downturn_at_default,0,1532,19277067.834527258,4769513.166443039
downturn_scenario,downturn_at_default,1,7163,84348647.43841153,20109694.532119386
canonical_proxy,all,all,8695,88210696.13098955,9464188.556613177
canonical_proxy,stage,Stage 1,7802,56156962.21102309,5825288.6391347945
canonical_proxy,stage,Stage 2,859,26457956.766988475,2769336.562854532
canonical_proxy,stage,Stage 3,34,5595777.152977986,869563.3546238663
canonical_proxy,collateral_type,Cash,842,3433109.308590254,1743332.6475104974
canonical_proxy,collateral_type,Mortgage,3049,26736003.357955556,4848922.919580884
canonical_proxy,collateral_type,Other,1674,16308322.461865831,1505163.6354045812
canonical_proxy,collateral_type,Unsecured,3130,41733261.002577916,1366769.3541172147
canonical_proxy,industry,Construction,1077,11076327.867842771,187739.29793740064
canonical_proxy,industry,Hospitality,668,7169576.413407726,241784.66989749763
canonical_proxy,industry,Manufacturing,1661,12017580.519191073,104729.44972908497
canonical_proxy,industry,Retail,1629,18056691.2856353,3916210.7804526463
canonical_proxy,industry,Services,2128,20884108.501527086,514867.4832951799
canonical_proxy,industry,Technology,644,8054281.662907716,2012881.6981770154
canonical_proxy,industry,Transport,888,10952129.880477887,2485975.177124366
canonical_proxy,downturn_at_default,0,1532,19006411.543385603,4498856.875301383
canonical_proxy,downturn_at_default,1,7163,69204284.58760396,4965331.6813118085
canonical_no_industry,all,all,8695,88117719.0924829,9371211.51810652
canonical_no_industry,stage,Stage 1,7802,56062716.15261861,5731042.580730312
canonical_no_industry,stage,Stage 2,859,26261913.504254863,2573293.30012092
canonical_no_industry,stage,Stage 3,34,5793089.435609408,1066875.6372552877
canonical_no_industry,collateral_type,Cash,842,3206812.6463116026,1517035.985231846
canonical_no_industry,collateral_type,Mortgage,3049,27059645.69875975,5172565.260385077
canonical_no_industry,collateral_type,Other,1674,16199020.157892328,1395861.3314310778
canonical_no_industry,collateral_type,Unsecured,3130,41652240.5895192,1285748.9410585016
canonical_no_industry,industry,Construction,1077,12151062.623642504,1262474.0537371337
canonical_no_industry,industry,Hospitality,668,8006805.169178244,1079013.4256680151
canonical_no_industry,industry,Manufacturing,1661,13136637.457913328,1223786.3884513397
canonical_no_industry,industry,Retail,1629,15557760.86820797,1417280.363025317
canonical_no_industry,industry,Services,2128,22953932.18105748,2584691.1628255732
canonical_no_industry,industry,Technology,644,6880719.858090422,839319.8933597216
canonical_no_industry,industry,Transport,888,9430800.934392933,964646.2310394123
canonical_no_industry,downturn_at_default,0,1532,16311520.792483352,1803966.124399133
canonical_no_industry,downturn_at_default,1,7163,71806198.29999954,7567245.393707387
capture_required_proxy,all,all,8695,88490450.19656712,9743942.622190744
capture_required_proxy,stage,Stage 1,7802,56308730.293672696,5977056.721784398
capture_required_proxy,stage,Stage 2,859,26350417.09198053,2661796.887846589
capture_required_proxy,stage,Stage 3,34,5831302.810913889,1105089.0125597687
capture_required_proxy,collateral_type,Cash,842,3244946.817211624,1555170.1561318673
capture_required_proxy,collateral_type,Mortgage,3049,27252618.492899388,5365538.054524716
capture_required_proxy,collateral_type,Other,1674,16245163.5384264,1442004.7119651493
capture_required_proxy,collateral_type,Unsecured,3130,41747721.3480297,1381229.6995690018
capture_required_proxy,industry,Construction,1077,12220875.453798402,1332286.8838930316
capture_required_proxy,industry,Hospitality,668,8037070.029546293,1109278.2860360648
capture_required_proxy,industry,Manufacturing,1661,13231193.949664375,1318342.8802023865
capture_required_proxy,industry,Retail,1629,15636754.969798043,1496274.4646153897
capture_required_proxy,industry,Services,2128,23102741.96841365,2733500.950181745
capture_required_proxy,industry,Technology,644,6835053.052513734,793653.087783034
capture_required_proxy,industry,Transport,888,9426760.772832613,960606.069479093
capture_required_proxy,downturn_at_default,0,1532,16261813.825346347,1754259.1572621278
capture_required_proxy,downturn_at_default,1,7163,72228636.37122077,7989683.46492862
