group,scenario,n,original_s2_weighted_ecl,corrected_weighted_ecl,change
all,upside,8695,14110378.231849087,14047780.072520483,-62598.15932860412
all,baseline,8695,50744603.6759938,51562295.49584678,817691.819852978
all,downside,8695,25326111.801654328,26425982.850406963,1099871.0487526357
guarantee:zero,upside,6915,11225542.86279106,11284880.349994576,59337.487203516066
guarantee:zero,baseline,6915,40398599.769502945,41364267.45821421,965667.6887112632
guarantee:zero,downside,6915,20260114.723154392,21252226.743202746,992112.0200483538
guarantee:partial,upside,1451,2397583.025817423,2322983.8745241617,-74599.15129326144
guarantee:partial,baseline,1451,8584873.108443402,8539611.900159853,-45261.208283549175
guarantee:partial,downside,1451,4195041.763607516,4307215.412935268,112173.64932775218
guarantee:full,upside,329,487252.34324060497,439915.848001748,-47336.495238856995
guarantee:full,baseline,329,1761130.7980474446,1658416.1374727201,-102714.66057472443
guarantee:full,downside,329,870955.314892422,866540.6942689489,-4414.620623473078
