cohort,guarantee,n,mean_guarantor_strength,mean_security_quality,purpose
development,zero,125346,0.0,0.4107293805801692,NONDEPLOYABLE DIAGNOSTIC ONLY; NOT MODEL FEATURES; NO CAUSAL ATTRIBUTION
development,partial,24903,0.5587204548277656,0.41126553946082584,NONDEPLOYABLE DIAGNOSTIC ONLY; NOT MODEL FEATURES; NO CAUSAL ATTRIBUTION
development,full,6045,0.5502401775987761,0.40075508942588317,NONDEPLOYABLE DIAGNOSTIC ONLY; NOT MODEL FEATURES; NO CAUSAL ATTRIBUTION
promotion,zero,4795,0.0,0.42558807967793305,NONDEPLOYABLE DIAGNOSTIC ONLY; NOT MODEL FEATURES; NO CAUSAL ATTRIBUTION
promotion,partial,972,0.5841653291896166,0.413951628263583,NONDEPLOYABLE DIAGNOSTIC ONLY; NOT MODEL FEATURES; NO CAUSAL ATTRIBUTION
promotion,full,233,0.5898641471159356,0.4121941299450944,NONDEPLOYABLE DIAGNOSTIC ONLY; NOT MODEL FEATURES; NO CAUSAL ATTRIBUTION
current,zero,6915,0.0,0.37360041968093,NONDEPLOYABLE DIAGNOSTIC ONLY; NOT MODEL FEATURES; NO CAUSAL ATTRIBUTION
current,partial,1451,0.49613252754918796,0.37985061698639605,NONDEPLOYABLE DIAGNOSTIC ONLY; NOT MODEL FEATURES; NO CAUSAL ATTRIBUTION
current,full,329,0.4811972796963753,0.37757034558421276,NONDEPLOYABLE DIAGNOSTIC ONLY; NOT MODEL FEATURES; NO CAUSAL ATTRIBUTION
