facility_id,borrower_id,stage,ead,legacy_ecl,incumbent_scenario_order_ecl,corrected_ecl,lgd_upside,ecl_upside,lgd_baseline,ecl_baseline,lgd_downside,ecl_downside,violation_pp
current-current-SME00010-000015,current-SME00010,Stage 1,65823.72,0.2704485649691235,0.2704485649691235,11.774714380637532,0.1482542621444402,8.624974637765767,0.1468089071787568,10.18274842274967,0.187469617804099,19.70035199717289,0.14453549656834042
current-current-SME00067-000116,current-SME00067,Stage 1,240111.86,1039.6239780069238,1039.6239780069238,1928.982129394156,0.1393507758319416,1361.4745430763264,0.1600895076504346,1850.595185942071,0.1597587365506022,2731.6505460682424,0.03307710998323998
current-current-SME00067-000117,current-SME00067,Stage 1,76238.39,402.9891346825948,402.98913468259485,612.9577435356516,0.14012899074531,434.6985912314174,0.1600895076504346,587.586125558205,0.1597587365506022,867.3317497722255,0.03307710998323998
current-current-SME00086-000147,current-SME00086,Stage 1,284859.45,2475.900743504783,2475.900743504783,3153.683356473398,0.470148209937333,2418.037231451567,0.4687651237228296,2864.9232397863925,0.5189942014966762,4755.609831556246,0.1383086214503393
current-current-SME00093-000160,current-SME00093,Stage 1,183823.67,6219.662456604722,6219.662456604722,7591.629246033896,0.5182623592936054,5981.91462933379,0.5156987089496287,7013.03849184852,0.5507980796885712,10937.116125290131,0.25636503439767644
current-current-SME00105-000182,current-SME00105,Stage 1,2292534.79,19785.703475265866,19785.703475265866,41274.838735095385,0.1536834095175843,32337.941776333915,0.1529019739458935,37699.0489541262,0.1720930170552707,60939.10503676443,0.07814355716908028
current-current-SME00105-000183,current-SME00105,Stage 1,852274.18,6160.7345827327445,6160.7345827327445,15344.360090424476,0.1536834095175843,12021.973638320547,0.1529019739458935,14015.02222531496,0.1720930170552707,22654.76013785696,0.07814355716908028
current-current-SME00213-000364,current-SME00213,Stage 1,1298968.58,15855.558335695128,15855.558335695128,20162.758004646115,0.4776267487921495,15472.438513513463,0.4773030694697766,18349.360399387788,0.5277565635899308,30293.270311553744,0.03236793223729273
current-current-SME00290-000498,current-SME00290,Stage 1,1478570.55,11772.042988714216,11772.042988714216,34368.868579643844,0.1899398674113682,26819.04709217222,0.189071987965406,31259.470853002986,0.2162733644897058,51246.88324703805,0.08678794459621997
current-current-SME00485-000838,current-SME00485,Stage 1,506465.88,7072.341004493072,7072.341004493073,9705.710875864646,0.5060990776964418,7472.325917505956,0.5057753983740689,8854.91132939425,0.5557721493740656,14491.49447363453,0.03236793223728718
current-current-SME00537-000931,current-SME00537,Stage 1,73608.37,91.8609560316854,91.8609560316854,162.6326356070155,0.1362466337875477,114.69022371599702,0.1549002988897767,155.14364612883648,0.1545695277899444,233.04201593257108,0.03307710998322888
current-current-SME00609-001066,current-SME00609,Stage 1,384949.88,1105.0225875773183,1105.0225875773183,2381.069332776525,0.1368034138413802,1781.6090289204208,0.1357805873443452,2094.935952771056,0.1675324050383087,3838.929776649037,0.1022826497035001
current-current-SME00624-001095,current-SME00624,Stage 1,928379.17,63280.6524237404,63280.6524237404,72334.53503848554,0.5691238733582537,58200.790155079296,0.5686387302024629,67902.30811122077,0.5877131496892732,99764.96070368613,0.048514315579073486
current-current-SME00834-001461,current-SME00834,Stage 1,132142.02,1243.9367112953294,1243.9367112953291,1657.7064156825966,0.164611947139362,1332.6971549540006,0.1664624527548013,1588.2972362731189,0.1571204224969415,2190.9432146396257,0.934203025785979
current-current-SME01005-001749,current-SME01005,Stage 1,171654.34,1206.0352008085265,1206.0352008085267,1539.5587185795275,0.4911882932536163,1205.1334068191495,0.4886246429096395,1425.6252988970646,0.5053851655958306,2215.7842893872958,0.256365034397682
current-current-SME01138-001987,current-SME01138,Stage 1,172219.22,1446.4319038817869,1446.4319038817869,1724.9101690878483,0.4681170616894067,1346.3028680515938,0.4666047823132772,1595.0705085512996,0.4860220942899227,2493.0364517337493,0.15122793761295217
current-current-SME01188-002078,current-SME01188,Stage 1,425441.5,1336.3013010597465,1336.3013010597465,2160.497021350768,0.1376762334594524,1511.256379123431,0.1592143132925374,2073.700901678196,0.157954175180007,3070.126022595824,0.12601381125303956
current-current-SME01327-002322,current-SME01327,Stage 1,187303.86,0.0,0.0,240.70394482502968,0.0744362876943553,156.9033390376185,0.0709340642999573,177.9092925985558,0.1358321124049806,512.8885072918625,0.3502223394397999
current-current-SME01589-002760,current-SME01589,Stage 2,20217.85,393.5950300697074,393.1980329348854,578.0972605496768,0.3912689994632222,444.1482973884824,0.3903415103755429,524.4488419850853,0.4388333824840004,872.9914794046455,0.09274890876793118
current-current-SME01640-002853,current-SME01640,Stage 2,230948.55,3906.790506438032,3912.80202527274,4686.917231832142,0.5041780347469129,3566.861070621226,0.5341542195489718,4454.778816843445,0.5330185034783435,6503.388638009143,0.11357160706283453
current-current-SME01643-002857,current-SME01643,Stage 2,230282.56,6065.123925596967,6065.123925596967,9977.676022500698,0.1199222813999764,8421.004510997207,0.1178221643174694,9318.84143420204,0.132655752370066,13510.851298900165,0.21001170825069998
current-current-SME01652-002872,current-SME01652,Stage 1,154704.85,2318.837577292051,2318.837577292051,3003.4987515489406,0.4325261894510107,2317.661928716726,0.4293165804492094,2724.997048463289,0.4802249776987848,4524.84068363811,0.32096090018012835
current-current-SME01652-002873,current-SME01652,Stage 1,121085.75,2383.624240263737,2383.624240263737,2718.022404289827,0.5068936992888772,2125.904140352401,0.5018354087779084,2493.094743449022,0.5403465093977758,3984.923650749669,0.5058290510968733
current-current-SME01702-002956,current-SME01702,Stage 1,32064.12,166.6164491885394,166.6164491885394,181.42434771803835,0.4830959155496553,141.4645475825561,0.4805322652056785,167.4981619618955,0.5008401558257844,263.1627051219491,0.256365034397682
current-current-SME01817-003161,current-SME01817,Stage 1,463839.55,15406.101740035385,15406.101740035385,15600.359437876212,0.751124583543436,12158.258128345224,0.7501703157513894,14382.961029915075,0.7975029994745321,22694.65597129061,0.09542677920466591
current-current-SME01817-003163,current-SME01817,Stage 1,153373.95,4963.266929915004,4963.266929915005,5154.843600469728,0.751124583543436,4020.2696692507448,0.7501703157513894,4755.893596943476,0.7955916920631831,7486.267542267466,0.09542677920466591
current-current-SME01909-003312,current-SME01909,Stage 1,294209.18,1702.0572873116505,1702.0572873116505,1992.2213924977827,0.5853679655764737,1534.9070281852332,0.5818868762427982,1816.2820721858884,0.6326881473775718,2977.353717746016,0.34810893336755244
current-current-SME01909-003313,current-SME01909,Stage 1,312561.22,2055.72692177054,2055.726921770539,2200.91044344318,0.6089722960945572,1696.4049552896136,0.6064408004355906,2010.9997656164985,0.6551056078213509,3275.147965076793,0.2531495658966598
current-current-SME02016-003512,current-SME02016,Stage 1,182398.63,479.6574047888136,479.6574047888136,815.6932076332298,0.1997769816487173,630.3298906578798,0.1966249175382464,737.3158072856801,0.2197784503932246,1236.188725651229,0.31520641104708924
current-current-SME02030-003536,current-SME02030,Stage 2,56345.37,779.7247703310874,780.4049593992793,1135.1547903417695,0.4751695364155632,891.4015108810177,0.4751659113618468,1052.936182076152,0.498416299816114,1625.5638945993762,0.00036250537163717844
current-current-SME02065-003603,current-SME02065,Stage 1,46623.67,0.0,0.0,66.0701057599094,0.0570246386144386,51.589911156325286,0.0562199205952228,60.42401969428767,0.0605483145841777,97.48855856035874,0.08047180192157985
current-current-SME02355-004092,current-SME02355,Stage 1,932165.64,13063.857257684607,13063.857257684607,18525.739865790685,0.5074916427992853,14304.607470213825,0.5061085565847819,16912.45847764293,0.5546624758638573,27586.716425810828,0.13830862145033374
current-current-SME02364-004110,current-SME02364,Stage 1,135384.65,366.16321084376057,366.16321084376057,689.1218204844054,0.1619977425008159,530.4425622984003,0.1602110180564992,622.6456798836672,0.1803894679625875,1047.2295004726243,0.1786724444316684
current-current-SME02365-004111,current-SME02365,Stage 1,71336.62,2197.5151615233963,2197.5151615233963,2744.99826535662,0.4936362202457602,2085.307629487723,0.5240153841071511,2609.888002365781,0.5228175530416902,3810.019690198031,0.1197831065460897
current-current-SME02472-004305,current-SME02472,Stage 1,1135085.28,4784.152387711064,4784.152387711063,5831.857200385779,0.3503319138323032,4449.765855679394,0.3483028689599755,5264.003195111938,0.3919141481512213,8917.51056091368,0.20290448723277454
current-current-SME02594-004519,current-SME02594,Stage 1,43075.44,876.0941761174875,876.0941761174875,1127.0126030705585,0.5094591932368561,874.7360241255572,0.5080761070223527,1032.3182989622671,0.5531966337037963,1663.372094340433,0.13830862145033374
current-current-SME02759-004799,current-SME02759,Stage 2,278844.14,22.22036436206993,22.228256544068557,116.59926456239118,0.1171936797445252,80.20086303666842,0.137324503028842,111.87798164202088,0.1360643649163116,167.16151484922494,0.12601381125303956
current-current-SME02867-004996,current-SME02867,Stage 1,163386.42,2404.6116193291627,2404.6116193291627,2853.5249153602203,0.4886392546488238,2224.215517357111,0.4872561684343203,2630.62873349563,0.5159167204159734,4151.522858957102,0.1383086214503504
current-current-SME02907-005065,current-SME02907,Stage 1,142694.25,2482.9995046990325,2482.999504699033,3334.7935893324848,0.2332199704392452,2497.0615505906667,0.2531877004049595,3186.5141575696816,0.2530339424019277,4617.363923362713,0.015375800303180087
current-current-SME02907-005066,current-SME02907,Stage 1,84554.53,1557.6720159041886,1557.6720159041888,1976.056530610177,0.2332199704392452,1479.6522339986725,0.2531877004049595,1888.192459974038,0.2530339424019277,2736.0530391300995,0.015375800303180087
current-current-SME02907-005067,current-SME02907,Stage 1,108663.7,1637.1817881097306,1637.1817881097309,2539.492727654747,0.2332199704392452,1901.5478704637292,0.2531877004049595,2426.5758323401583,0.2530339424019277,3516.1882707895293,0.015375800303180087
current-current-SME02973-005183,current-SME02973,Stage 1,278314.8,385.1385933498451,385.1385933498451,922.5436194994322,0.1388595731106741,687.4708061679455,0.1382708202734995,813.5058151241305,0.1682911938957731,1484.7298459568242,0.058875283717460536
current-current-SME02978-005190,current-SME02978,Stage 1,226207.71,4901.975528419416,4901.975528419416,7327.512108948477,0.264225419887233,5713.188964066112,0.2635797670849258,6673.226307251764,0.300539597699089,10904.692658920982,0.06456528023072172
current-current-SME02978-005191,current-SME02978,Stage 1,33708.12,547.63363190769,547.6336319076901,973.984411442914,0.2349081520946937,756.8837975915169,0.2342624992923865,883.7993621803113,0.2703345872192844,1461.6401730821192,0.06456528023072172
current-current-SME03025-005270,current-SME03025,Stage 1,453048.22,4488.682792204453,4488.682792204453,8871.760292618617,0.1972437644722234,6988.658387958636,0.1955101493827208,8137.822671539797,0.2150796643816711,12956.675060515056,0.17336150895025937
current-current-SME03198-005582,current-SME03198,Stage 1,41165.46,88.41906972158932,88.41906972158932,123.09612112108324,0.3719478794593437,94.63142106989922,0.3687382704575425,111.73547893447444,0.4056810265775631,185.64274773209365,0.3209609001801228
current-current-SME03409-005935,current-SME03409,Stage 1,518509.03,1603.2577357365053,1603.2577357365053,3899.6427230442223,0.2002144156543971,2976.3130157717046,0.1984276912100804,3498.097163492814,0.2295093754215652,6027.609108970968,0.17867244443167118
current-current-SME03425-005964,current-SME03425,Stage 1,562486.23,8336.086785650334,8336.086785650334,8454.22689719807,0.4576334930958644,6591.498441668073,0.456250406881361,7797.773610389459,0.481662214216876,12286.315213153905,0.1383086214503393
current-current-SME03455-006015,current-SME03455,Stage 1,42890.13,0.0,0.0,13.73675664389738,0.012983594603025,6.973537189891256,0.0232532922943416,14.857068454895908,0.0178318389498344,17.13904066490792,0.54214533445072
current-current-SME03526-006129,current-SME03526,Stage 1,179815.47,806.4568079485222,806.456807948522,1016.6059945299968,0.3565450265418635,775.4557073394259,0.3533354175400622,914.2309718771604,0.40193713380255,1564.8813496790767,0.32096090018012835
current-current-SME03578-006222,current-SME03578,Stage 1,210779.58,11030.207940883558,11030.207940883556,11973.844236563333,0.4847918934336077,9163.716715140616,0.5173502970024778,11463.201395618384,0.5121050211086347,16315.900280820895,0.524527589384316
current-current-SME03587-006237,current-SME03587,Stage 1,709490.54,2959.4550633557355,2959.4550633557355,3883.2676274972064,0.4935531200482844,2988.0083346372367,0.4909894697043075,3538.696785093582,0.5347808234141613,5812.239447568049,0.25636503439768754
current-current-SME03652-006342,current-SME03652,Stage 1,118524.78,1358.239574654731,1358.239574654731,1566.4326429899268,0.4785291081315053,1210.3469307776809,0.4782054288091324,1436.3888272537874,0.5145492374548488,2312.649802410591,0.03236793223728718
current-current-SME03704-006433,current-SME03704,Stage 2,500520.64,12729.65009071583,12724.247806310566,15007.37694216392,0.5608511007728724,11517.713876047765,0.5572726933201754,13558.70958226917,0.6321177449293545,22843.04208796432,0.35784074526969967
current-current-SME03704-006434,current-SME03704,Stage 2,542107.13,9012.584504920676,9012.584504920682,10371.967615979924,0.5608511007728724,7939.435704027404,0.5572726933201754,9359.846511345688,0.6321177449293545,15840.862841835147,0.35784074526969967
current-current-SME03788-006583,current-SME03788,Stage 1,471124.9,3322.0059705733674,3322.0059705733674,3954.540676324444,0.5019040552653486,3033.355402566652,0.5005209690508453,3598.2381453288644,0.549789368800178,5944.633543068971,0.13830862145033374
current-current-SME03844-006676,current-SME03844,Stage 1,174830.29,5577.46197254513,5577.46197254513,7173.671323075139,0.5645745867708497,5698.143684818182,0.5595162962598811,6659.820724768892,0.5846307721913303,10190.750756250836,0.5058290510968622
current-current-SME03909-006787,current-SME03909,Stage 2,15000.0,1663.3077013585173,1663.3077013585169,1730.728162316037,0.4036019913217874,1435.7014526002508,0.40327455657625,1635.9379745018086,0.4280790837306149,2310.125435474509,0.03274347455374249
current-current-SME03965-006881,current-SME03965,Stage 1,387714.11,25229.464343637977,25229.464343637977,31620.653446091717,0.5344979633468132,25524.36315006859,0.5294303677314639,29449.63463209916,0.5633642218693706,44230.00018409249,0.5067595615349307
current-current-SME04085-007094,current-SME04085,Stage 1,250640.21,1165.729544652404,1165.7295446524042,1627.3432226017744,0.3852899963193671,1244.6451562134905,0.3820803873175659,1468.1572115015774,0.4304447590694415,2487.59932229065,0.3209609001801228
current-current-SME04182-007266,current-SME04182,Stage 1,1077476.2,5362.58213952087,5362.58213952087,6897.654334862591,0.4862692184875999,5281.672223886337,0.4848861322730967,6267.994258946886,0.53415453202243,10402.616673585962,0.13830862145032263
current-current-SME04210-007311,current-SME04210,Stage 2,140762.34,5171.37463637967,5147.680632113149,8827.702745858945,0.1463723686131012,6758.098881734449,0.1643800202314308,8650.128361133387,0.1640492491315985,11430.029764160114,0.033077109983231656
current-current-SME04255-007386,current-SME04255,Stage 1,223463.01,989.920211788024,989.920211788024,1612.097159060478,0.1766920706105072,1205.8581916657838,0.1759245033374651,1423.299874097079,0.214691556149604,2584.7279813453683,0.07675672730421135
current-current-SME04391-007631,current-SME04391,Stage 1,353943.06,3078.581701910527,3078.581701910527,3557.607660139738,0.4750312853669114,2751.0734994947634,0.4735190059907818,3259.7769926228552,0.5088728915552236,5257.63382333536,0.15122793761296327
current-current-SME04398-007640,current-SME04398,Stage 2,252939.43,1055.1540341507966,1056.7109870612232,1302.531548422969,0.3584059115101243,1015.3143917145392,0.3551963025083231,1191.053735282008,0.3873608676288619,1924.1821445542816,0.32096090018011725
current-current-SME04480-007771,current-SME04480,Stage 2,874508.27,78324.12622356687,78212.0103629067,94006.9369558406,0.7766548032200659,74540.62167855923,0.7766068887580247,87465.27983708004,0.8195337107085697,133098.22358940364,0.004791446204110983
current-current-SME04482-007775,current-SME04482,Stage 1,68535.75,1445.2878529898433,1445.287852989843,1871.467284188661,0.4788457350882508,1465.4437669511524,0.476282084744274,1723.28710371418,0.509803835969397,2722.0313428496133,0.25636503439767644
current-current-SME04564-007919,current-SME04564,Stage 1,1283513.29,2174.184861715349,2174.184861715349,3314.884021885485,0.2140622816942303,2496.868609499812,0.2131844800308631,2959.9754651798944,0.2483263662694149,5197.625104387928,0.08778016633672059
current-current-SME04583-007950,current-SME04583,Stage 1,305961.36,1469.7799661134693,1469.7799661134695,1676.5680721168178,0.5520152922752563,1278.5362788718794,0.5473419954962451,1509.4695159766238,0.6190289400966767,2575.895533782337,0.46732967790111823
current-current-SME04645-008057,current-SME04645,Stage 1,69565.51,206.0583174609364,206.0583174609364,217.16998141469853,0.4693002475481593,167.8705321391264,0.4679171613336558,199.38797358068604,0.4966759949831183,319.81545419230827,0.1383086214503504
current-current-SME04700-008152,current-SME04700,Stage 1,76948.54,65.59225106851778,65.59225106851777,82.77850556576674,0.511006083852437,62.29825370318889,0.5090880882078546,73.98542544526342,0.5890274181267328,129.63799778985452,0.1917995644582393
current-current-SME04787-008317,current-SME04787,Stage 1,205927.0,45.92173959173465,45.92173959173465,69.33937765088979,0.2272628703162427,53.30366799901094,0.2238759149010351,62.600331187836005,0.2492873864057269,105.59222669193,0.33869554152076153
current-current-SME04787-008318,current-SME04787,Stage 1,132618.86,46.82675365698626,46.82675365698626,64.12534087787307,0.3272391587888579,49.42946081298145,0.3250163819230249,58.52838038811508,0.3505009717590613,95.6121024120387,0.22227768658329983
current-current-SME04795-008336,current-SME04795,Stage 1,288236.32,2746.62137073077,2746.6213707307697,3532.4250556334414,0.6655915798089462,2700.559860230458,0.6653830385942227,3210.5444482381763,0.7349920935985129,5329.93207322222,0.02085412147235788
current-current-SME04823-008379,current-SME04823,Stage 1,209662.45,40.91688773654121,40.916887736541206,308.7919298100779,0.133620831399696,237.8862868754137,0.1300035680501793,275.5353080044338,0.1500132400746314,479.4674381616744,0.3617263349516703
current-current-SME04823-008380,current-SME04823,Stage 1,158194.34,15.716319925696409,15.716319925696409,232.98943389067327,0.133620831399696,179.48976627577676,0.1300035680501793,207.89667485264107,0.1500132400746314,361.7673786196664,0.3617263349516703
current-current-SME04862-008452,current-SME04862,Stage 1,191992.56,13.824829319010597,13.824829319010597,143.64941131014058,0.10997907116999,103.4655432563028,0.1080062740954151,121.04899266271784,0.1485584821546297,251.63453530624648,0.19727970745749002
current-current-SME04986-008674,current-SME04986,Stage 1,31694.1,632.7147742602616,632.7147742602616,775.1374944893787,0.4422236668001543,574.6058831660591,0.4800953722899544,738.0377632217185,0.4781152545712309,1086.9682996156785,0.19801177187235286
