cohort,model,group,n,macro_clusters,mean_prediction,mean_realized,mean_conditional,conditional_bias,conditional_bias_se,conditional_rmse,mae,rmse,bias
selection,incumbent,all,3000,84,0.4568896884802147,0.48195411828043194,0.4852459033125037,-0.028356214832289065,0.0075841056564415745,0.08809437084529738,0.1440206379011718,0.18510226342599312,-0.02506442980021733
selection,incumbent,regime:0,1639,42,0.4528585410705277,0.42381503453316643,0.42655560948884125,0.026302931581686492,0.003580042760684891,0.06578214918494707,0.12571919998672462,0.17663300462512557,0.029043506537361225
selection,incumbent,regime:1,1361,42,0.4617442443982726,0.5519687826902543,0.5559243688356359,-0.09418012443736323,0.003489009175168605,0.10906531059005489,0.16606035630071547,0.19481339617113885,-0.09022453829198165
selection,incumbent,collateral_type:Cash,287,80,0.11258801508634697,0.17399606361596132,0.17116880585982666,-0.0585807907734797,0.004600820358037171,0.08003528976029599,0.08607763093584095,0.11497723652726803,-0.061408048529614345
selection,incumbent,collateral_type:Mortgage,1050,84,0.37942740245121215,0.4334938183488352,0.4373154982125943,-0.05788809576138214,0.008143351761845918,0.09862369737132023,0.11026264001560473,0.13765405552896393,-0.05406641589762309
selection,incumbent,collateral_type:Other,608,84,0.4968431244383396,0.5044824701539506,0.5096034299771732,-0.012760305538833424,0.008286149160609083,0.0799931326421613,0.1504541532013274,0.1862745964271973,-0.007639345715610921
selection,incumbent,collateral_type:Unsecured,1055,84,0.60462266623562,0.6009778516242996,0.6043527053141191,0.0002699609215008824,0.00887453660634944,0.08341034475729966,0.18967368385036684,0.23447405968951782,0.0036448146113203855
selection,incumbent,product_type:Financial Guarantee,122,66,0.40479013617673276,0.43736521198825656,0.45796553191459055,-0.05317539573785765,0.009705799201273409,0.09220132892052557,0.14632339266584984,0.18611824326663667,-0.032575075811523725
selection,incumbent,product_type:Import LC,283,74,0.4539380505788423,0.48259504426608935,0.49732878116182916,-0.043390730582986814,0.009260593686213755,0.0939816012597753,0.15458508547057676,0.1946759029904023,-0.028656993687247074
selection,incumbent,product_type:OVD,1005,84,0.4898923658856863,0.5103818025859728,0.508695896078393,-0.018803530192706867,0.007756042486176426,0.08634237383468546,0.13997877102101458,0.18095272497709125,-0.02048943670028637
selection,incumbent,product_type:Performance Guarantee,226,75,0.4654089831566035,0.5015173122807567,0.5100257747982795,-0.044616791641676,0.010581367843447568,0.09997806344352404,0.16049892790405323,0.1998345131671302,-0.03610832912415316
selection,incumbent,product_type:Term Loan,1364,84,0.4364339755166886,0.4616222707309911,0.4637952121055258,-0.027361236588837334,0.007690530921494108,0.0855970227516381,0.14187057040151965,0.1834511035390321,-0.025188295214302603
selection,incumbent,industry:Construction,398,12,0.4492697157593677,0.44088653261468314,0.4534448094520464,-0.004175093692678789,0.015782424226651437,0.07479533200006423,0.13680869237121293,0.18436738811207232,0.00838318314468449
selection,incumbent,industry:Hospitality,248,12,0.45895796441013614,0.49170097681680763,0.5102544012581705,-0.05129643684803435,0.01554922965651651,0.09113410671022208,0.1579854374237894,0.19603472221580692,-0.03274301240667149
selection,incumbent,industry:Manufacturing,505,12,0.46755283854815055,0.4917964060633324,0.49773577687638965,-0.030182938328239012,0.01632608113480302,0.08405318867739253,0.14233128052182736,0.18253783731365295,-0.024243567515181887
selection,incumbent,industry:Retail,594,12,0.45023613792094175,0.499205292118174,0.49488226840359145,-0.04464613048264974,0.019401513007594042,0.09351129600034763,0.14370689127346536,0.18081530714397606,-0.04896915419723216
selection,incumbent,industry:Services,700,12,0.4545745664436289,0.4330565396629538,0.4404466672167291,0.01412789922689993,0.015947475700182876,0.07772887384019853,0.13590969150147744,0.1866665717818777,0.021518026780675156
selection,incumbent,industry:Technology,254,12,0.45544680006805,0.5361274420613221,0.5271239887290607,-0.07167718866101079,0.01561136077115445,0.10251980942123218,0.15732220200725297,0.18725941595423204,-0.08068064199327205
selection,incumbent,industry:Transport,301,12,0.46710302416950655,0.545669754093894,0.5355640841208258,-0.06846105995131924,0.018373714219172117,0.10525640589990456,0.15314236617220991,0.18394536168543638,-0.07856672992438747
selection,incumbent,lien_rank:First,1027,84,0.30400463088090174,0.3461014767098964,0.3477299283480059,-0.04372529746710422,0.006913036956539171,0.0867046177712256,0.1079333650959941,0.14033251222434548,-0.04209684582899464
selection,incumbent,lien_rank:Second,918,84,0.4581474909012841,0.4971508766847454,0.502208027688141,-0.04406053678685685,0.008047593752588835,0.09463408378880714,0.13192659181676736,0.16357170043922062,-0.03900338578346132
selection,incumbent,lien_rank:Unsecured,1055,84,0.60462266623562,0.6009778516242996,0.6043527053141191,0.0002699609215008824,0.00887453660634944,0.08341034475729966,0.18967368385036684,0.23447405968951782,0.0036448146113203855
selection,incumbent,reporting_date:2009-01-01,274,7,0.44666547300494336,0.4880793352763405,0.47853345734530967,-0.0318679843403663,0.03329374123939183,0.10104189526173733,0.14869340249696306,0.18598510301138915,-0.041413862271397164
selection,incumbent,reporting_date:2009-04-01,220,7,0.4506203540200838,0.46320181552077005,0.47150112265703126,-0.020880768636947523,0.021892351614121522,0.0744239475133081,0.1346662652458807,0.17979802763409267,-0.012581461500686246
selection,incumbent,reporting_date:2009-07-01,249,7,0.4686593439416196,0.49128134829268033,0.501980925387705,-0.03332158144608544,0.02626961687973268,0.08435027833433066,0.16006008534007274,0.2042153101965186,-0.02262200435106074
selection,incumbent,reporting_date:2009-10-01,247,7,0.45601780769998884,0.458533425822151,0.4557073238810416,0.0003104838189471923,0.02295470995859764,0.08206108019264109,0.13014891591888303,0.1750203614527898,-0.0025156181221622016
selection,incumbent,reporting_date:2010-01-01,251,7,0.4665597294484805,0.48231785716898007,0.4701974007952034,-0.003637671346722923,0.021095987641355035,0.07667723851318502,0.13485969093820782,0.1777866019580539,-0.01575812772049958
selection,incumbent,reporting_date:2010-04-01,256,7,0.4458925181371967,0.4601155366344621,0.45837425096750245,-0.012481732830305731,0.023305939079316308,0.07889177003892213,0.13115428737396012,0.17365857878502672,-0.014223018497265375
selection,incumbent,reporting_date:2010-07-01,251,7,0.45321153282922816,0.45416453721455896,0.4570454383075316,-0.0038339054783034557,0.018393360879890706,0.07358456414512717,0.12928175361671415,0.1729978736420822,-0.0009530043853308468
selection,incumbent,reporting_date:2010-10-01,244,7,0.4726787292714801,0.48157447904012335,0.49979765980757346,-0.02711893053609346,0.028166242174682866,0.08616077892142403,0.1479214669672969,0.19209520681822292,-0.008895749768643286
selection,incumbent,reporting_date:2011-01-01,244,7,0.46289065548046937,0.5167763877041008,0.5296467747198671,-0.06675611923939764,0.0217016365323015,0.09829971137328394,0.14731889206812407,0.1813989339458336,-0.05388573222363142
selection,incumbent,reporting_date:2011-04-01,279,7,0.4553456954598092,0.5005930985295208,0.5096990581001634,-0.05435336264035421,0.02452857766334602,0.0947941036756199,0.14638719655234034,0.18166628266800525,-0.045247403069711575
selection,incumbent,reporting_date:2011-07-01,245,7,0.4671154238953462,0.5200058898737331,0.5164854588636459,-0.04937003496829979,0.039385482181347665,0.10796143434341376,0.16569638799191677,0.20321248528461275,-0.052890465978386876
selection,incumbent,reporting_date:2011-10-01,240,7,0.437662264864838,0.46302590956240997,0.4721881612562175,-0.03452589639137946,0.028768707465785026,0.08829423650268847,0.15141795388261273,0.19066400836704075,-0.025363644697571974
selection,incumbent,collateral_coverage:0-0.5,1229,84,0.599500621939716,0.5946693964067812,0.5983997868844276,0.0011008350552883114,0.00871266911475755,0.08269373771370457,0.18560941462685102,0.23037638804860602,0.0048312255329347855
selection,incumbent,collateral_coverage:0.5-1,1013,84,0.3930779771233274,0.42927142486727504,0.43483348260087085,-0.041755505477543496,0.0069544142434035386,0.0870240956806407,0.1253941507664372,0.15624669538141234,-0.03619344774394761
selection,incumbent,collateral_coverage:1-inf,758,83,0.3109430214390533,0.36960648188233813,0.3691531055169754,-0.05821008407792213,0.00808821422337849,0.09750174412177395,0.10148241213814592,0.13010592012205213,-0.05866346044328483
selection,incumbent,ead_at_default:0-100000,614,84,0.4600524612480453,0.49156555083531545,0.49225111098659813,-0.032198649738552826,0.008934549773922327,0.09377657294277271,0.148496285842019,0.18810281451838115,-0.03151308958727012
selection,incumbent,ead_at_default:100000-500000,1583,84,0.46194483084646376,0.48828280390366186,0.4893258087682205,-0.027380977921756696,0.007733833198146743,0.08771832025862818,0.14467000465074684,0.18525093351212812,-0.026337973057198077
selection,incumbent,ead_at_default:500000-inf,803,84,0.44450583686723777,0.4621288020534439,0.4718465411103946,-0.027340704243156808,0.007268761732881903,0.08426601369147375,0.13931827750234566,0.1824775397553444,-0.017622965186206183
selection,incumbent,guarantee:zero,2412,84,0.4797998900185441,0.5044893218144918,0.5078391605405275,-0.028039270521983403,0.007640579662735029,0.08749306035984117,0.1498666871761163,0.1920806589429626,-0.024689431795947788
selection,incumbent,guarantee:partial,476,83,0.3757671434622649,0.4089158425975288,0.4154982313051118,-0.039731087842846874,0.008515456097518774,0.09231142309672558,0.1253143674367697,0.15942289199089804,-0.03314869913526385
selection,incumbent,guarantee:full,112,66,0.3082729502489078,0.30705508525283937,0.2951115768975518,0.01316137335135603,0.009140072523136356,0.0824687594955829,0.09762344048946954,0.12320133363632622,0.001217864996068541
selection,incumbent,predicted:0.0,262,78,0.09567644128581561,0.15912796098099197,0.15660503254955585,-0.06092859126374027,0.005030466062787511,0.08207617858055788,0.08425797152764947,0.1142710858735322,-0.06345151969517639
selection,incumbent,predicted:0.2,848,84,0.31894466711341646,0.3623561056214167,0.3666693783617086,-0.04772471124829207,0.008011909523279261,0.09635083903958809,0.10441399597446645,0.13086478581512878,-0.04341143850800013
selection,incumbent,predicted:0.4,1150,84,0.5006223340905933,0.5271139899717531,0.531536269510372,-0.030913935419778788,0.008456969368174859,0.08851800463042607,0.16362253852877454,0.19533239038582825,-0.026491655881159804
selection,incumbent,predicted:0.6,712,84,0.6687662233403189,0.6589872511276935,0.6612137653254468,0.007552458014872049,0.008781256911815298,0.07885656101770726,0.18156168777436713,0.23553017792121567,0.009778972212625277
selection,incumbent,predicted:0.8,28,23,0.8306973174676399,0.7683157223886071,0.7757374182197424,0.05495989924789778,0.013497123074467567,0.08583083896856479,0.14305055619584356,0.22905892575306788,0.0623815950790328
selection,incumbent,realized_gt:0.6,1078,84,0.5972330969448822,0.7446435819394556,0.6308561933045173,-0.033623096359634966,0.009121130164907953,0.09487401142659034,0.15351265841817266,0.17678617748541994,-0.14741048499457318
selection,incumbent,realized_gt:0.75,491,80,0.6448434452880348,0.8310359139092527,0.6859640385166569,-0.041120593228622104,0.00804712620802468,0.08672096876134223,0.18705781546014522,0.20480426397511658,-0.18619246862121772
selection,incumbent,realized_gt:0.9,63,35,0.6989894031165529,0.946640669107,0.7462002709712237,-0.04721086785467071,0.008530120874592559,0.07502012881763859,0.24765126599044707,0.2612443535077252,-0.24765126599044707
selection,corrected,all,3000,84,0.48804066223835685,0.48195411828043194,0.4852459033125037,0.0027947589258531125,0.0013834133111078838,0.03971533898695763,0.12916388752704244,0.16915570054351078,0.006086543957924852
selection,corrected,regime:0,1639,42,0.4303938869041947,0.42381503453316643,0.42655560948884125,0.003838277415353489,0.0020814797982799432,0.039014095100624716,0.12984145505129333,0.1679558274013103,0.00657885237102822
selection,corrected,regime:1,1361,42,0.5574624585445227,0.5519687826902543,0.5559243688356359,0.0015380897088868256,0.0017158504670320368,0.04054372537406569,0.12834791899489906,0.17058946062490615,0.005493675854268409
selection,corrected,collateral_type:Cash,287,80,0.1869389953442709,0.17399606361596132,0.17116880585982666,0.015770189484444218,0.0031710459644585303,0.04890234252320041,0.07439525182211829,0.09218777822175941,0.012942931728309558
selection,corrected,collateral_type:Mortgage,1050,84,0.4463450795587441,0.4334938183488352,0.4373154982125943,0.009029581346149758,0.002184079164354909,0.04075791316189721,0.08472071448853201,0.10624612631524757,0.012851261209908812
selection,corrected,collateral_type:Other,608,84,0.5117085611942054,0.5044824701539506,0.5096034299771732,0.0021051312170321914,0.0016592779652139598,0.036776279623146,0.1375227076962349,0.1745861955241752,0.007226091040254696
selection,corrected,collateral_type:Unsecured,1055,84,0.5978098164061674,0.6009778516242996,0.6043527053141191,-0.006542888907951629,0.0017012526326697212,0.03744185718587707,0.18347835906721321,0.2241723290317314,-0.0031680352181321244
selection,corrected,product_type:Financial Guarantee,122,66,0.46693683508003825,0.43736521198825656,0.45796553191459055,0.008971303165447711,0.0038615939612312166,0.042271019082629244,0.12428082857052808,0.16155202820480924,0.029571623091781626
selection,corrected,product_type:Import LC,283,74,0.5008572632756606,0.48259504426608935,0.49732878116182916,0.00352848211383147,0.002335070176334269,0.039222150470142284,0.13252486843974887,0.1788116004618908,0.018262219009571215
selection,corrected,product_type:OVD,1005,84,0.509106325109498,0.5103818025859728,0.508695896078393,0.0004104290311048474,0.0018417754688232692,0.039157909330017775,0.12980010978350381,0.16832863543800836,-0.001275477476474653
selection,corrected,product_type:Performance Guarantee,226,75,0.5105280265085902,0.5015173122807567,0.5100257747982795,0.0005022517103106471,0.002821118538654198,0.03909430052948312,0.13170606733831383,0.17112329733622325,0.009010714227833476
selection,corrected,product_type:Term Loan,1364,84,0.4680219183301371,0.4616222707309911,0.4637952121055258,0.004226706224611315,0.0015464132458639153,0.04008925580871547,0.12801333004119775,0.1680362275078725,0.006399647599146046
selection,corrected,industry:Construction,398,12,0.4605982743919872,0.44088653261468314,0.4534448094520464,0.007153464939940754,0.002472434904139337,0.04096046364844583,0.1347436104220507,0.1772674101289308,0.019711741777304035
selection,corrected,industry:Hospitality,248,12,0.5157320201156331,0.49170097681680763,0.5102544012581705,0.005477618857462646,0.0039996955872931925,0.04418849491262923,0.13811686978240637,0.18280437491307622,0.0240310432988255
selection,corrected,industry:Manufacturing,505,12,0.49198067906200665,0.4917964060633324,0.49773577687638965,-0.005755097814382944,0.0033337549170415026,0.03780075386593664,0.13227305367679604,0.1722489872960773,0.0001842729986741862
selection,corrected,industry:Retail,594,12,0.498670669045867,0.499205292118174,0.49488226840359145,0.003788400642275513,0.003433603997612518,0.03952378428862733,0.1252395548735463,0.16747613735952704,-0.0005346230723069092
selection,corrected,industry:Services,700,12,0.4496679642114131,0.4330565396629538,0.4404466672167291,0.009221296994683954,0.0027473027972914734,0.03954815826518957,0.1302972586441673,0.16904168885846738,0.016611424548459174
selection,corrected,industry:Technology,254,12,0.5269108943797327,0.5361274420613221,0.5271239887290607,-0.00021309434932815472,0.003606994682428965,0.037319197241906125,0.12126301339064434,0.1566118520106705,-0.009216547681589414
selection,corrected,industry:Transport,301,12,0.5303613623202096,0.545669754093894,0.5355640841208258,-0.005202721800616283,0.003331611841728234,0.04000981645424269,0.12096892947941895,0.15434375007656395,-0.015308391773684532
selection,corrected,lien_rank:First,1027,84,0.3589842595837717,0.3461014767098964,0.3477299283480059,0.011254331235765757,0.001765653959462401,0.043726590651092426,0.09297530086397021,0.12003302832027066,0.012882782873875334
selection,corrected,lien_rank:Second,918,84,0.506269930080643,0.4971508766847454,0.502208027688141,0.004061902392502044,0.0019393919999636476,0.03747604257987606,0.10722915008488017,0.14013240787409034,0.009119053395897584
selection,corrected,lien_rank:Unsecured,1055,84,0.5978098164061674,0.6009778516242996,0.6043527053141191,-0.006542888907951629,0.0017012526326697212,0.03744185718587707,0.18347835906721321,0.2241723290317314,-0.0031680352181321244
selection,corrected,reporting_date:2009-01-01,274,7,0.4799146312904984,0.4880793352763405,0.47853345734530967,0.001381173945188705,0.004556758016336978,0.041478764194350023,0.12537569929113013,0.15921561349927882,-0.008164703985842157
selection,corrected,reporting_date:2009-04-01,220,7,0.47255140872039036,0.46320181552077005,0.47150112265703126,0.0010502860633591323,0.003244538728620916,0.041977361052464836,0.1258512353628778,0.16658983485988796,0.009349593199620405
selection,corrected,reporting_date:2009-07-01,249,7,0.5084792431139835,0.49128134829268033,0.501980925387705,0.00649831772627847,0.007254358730952051,0.04472797585963743,0.14639315243093365,0.19144845877594022,0.017197894821303166
selection,corrected,reporting_date:2009-10-01,247,7,0.4584540808324613,0.458533425822151,0.4557073238810416,0.002746756951419682,0.005154378779945835,0.039232427564480324,0.12553420623735836,0.1627427009936158,-7.93449896897151e-05
selection,corrected,reporting_date:2010-01-01,251,7,0.4680971062410415,0.48231785716898007,0.4701974007952034,-0.0021002945541618917,0.004177289882249695,0.03639088170139329,0.1273763451960901,0.1633803848926063,-0.01422075092793855
selection,corrected,reporting_date:2010-04-01,256,7,0.4650631068770001,0.4601155366344621,0.45837425096750245,0.006688855909497642,0.0071842875151978,0.043860711798492706,0.11962864371608886,0.1611657994488599,0.004947570242537998
selection,corrected,reporting_date:2010-07-01,251,7,0.4585560239145621,0.45416453721455896,0.4570454383075316,0.0015105856070305177,0.004370064783021272,0.03406875740924919,0.12588914008752203,0.16732085335347094,0.004391486700003126
selection,corrected,reporting_date:2010-10-01,244,7,0.49862303153862303,0.48157447904012335,0.49979765980757346,-0.0011746282689505956,0.0034907926334622457,0.03829120970216333,0.13363606932464075,0.17844376867323591,0.017048552498499573
selection,corrected,reporting_date:2011-01-01,244,7,0.5330685755906722,0.5167763877041008,0.5296467747198671,0.003421800870805075,0.003567940397797914,0.03645541448789869,0.12687977055820204,0.1678040567405296,0.016292187886571295
selection,corrected,reporting_date:2011-04-01,279,7,0.51141026900025,0.5005930985295208,0.5096990581001634,0.0017112109000865568,0.0026924604969703688,0.0369037886934159,0.12749499535187123,0.16712824422780873,0.010817170470729191
selection,corrected,reporting_date:2011-07-01,245,7,0.5201257432590126,0.5200058898737331,0.5164854588636459,0.0036402843953667794,0.007317774451691561,0.04068087318572708,0.13241935713130812,0.1689634911474153,0.00011985338527968495
selection,corrected,reporting_date:2011-10-01,240,7,0.4805060958472662,0.46302590956240997,0.4721881612562175,0.008317934591048742,0.0019659975491213974,0.04137496611408404,0.1342430190430542,0.17461111129874643,0.017480186284856217
selection,corrected,collateral_coverage:0-0.5,1229,84,0.592905960343055,0.5946693964067812,0.5983997868844276,-0.005493826541372693,0.0015956953777673394,0.03727307658384798,0.17926588444958527,0.2202833573878035,-0.00176343606372622
selection,corrected,collateral_coverage:0.5-1,1013,84,0.4375881984185172,0.42927142486727504,0.43483348260087085,0.0027547158176462728,0.0017729531904187878,0.03919059886712538,0.10731561425858091,0.1372360823705779,0.00831677355124216
selection,corrected,collateral_coverage:1-inf,758,83,0.3854402591761188,0.36960648188233813,0.3691531055169754,0.016287153659143405,0.0023066035161025135,0.04401706917256919,0.07712819702987411,0.09695526472677755,0.0158337772937807
selection,corrected,ead_at_default:0-100000,614,84,0.496047404373333,0.49156555083531545,0.49225111098659813,0.003796293386734871,0.0018211325922058929,0.03984839907718011,0.13185982516037184,0.17188536325634174,0.004481853538017569
selection,corrected,ead_at_default:100000-500000,1583,84,0.4917250018610355,0.48828280390366186,0.4893258087682205,0.0023991930928149814,0.0015835160703063479,0.03971636905219584,0.12818636621339144,0.16750832841094365,0.0034421979573736015
selection,corrected,ead_at_default:500000-inf,803,84,0.47465529574573456,0.4621288020534439,0.4718465411103946,0.002808754635339988,0.0018978955596937956,0.03961125943446471,0.12902952953531804,0.17027968227398002,0.012526493692290608
selection,corrected,guarantee:zero,2412,84,0.5068496163750214,0.5044893218144918,0.5078391605405275,-0.0009895441655061584,0.001432285401795173,0.03720153521543172,0.1360361622715769,0.17595024771757012,0.0023602945605294564
selection,corrected,guarantee:partial,476,83,0.4281921820992703,0.4089158425975288,0.4154982313051118,0.012693950794158484,0.002119163301464239,0.04300893098769822,0.10653914777676196,0.1450845391895601,0.019276339501741502
selection,corrected,guarantee:full,112,66,0.3373324405291656,0.30705508525283937,0.2951115768975518,0.04222086363161388,0.004837399605272978,0.06770057707569845,0.07731968607451101,0.10130852800875699,0.030277355276326388
selection,corrected,predicted:0.0,179,66,0.1396874450974384,0.13342928696083908,0.1223026836916378,0.0173847614058006,0.0032995781951857283,0.04684964633820144,0.060287780248455373,0.07871179867378265,0.006258158136599298
selection,corrected,predicted:0.2,600,82,0.31859810759024726,0.2928478399355577,0.2960058588631561,0.022592248727091178,0.0027119616243336123,0.049370399731251007,0.08307078192053073,0.10260199440341122,0.025750267654689598
selection,corrected,predicted:0.4,1466,84,0.5030645397302476,0.4973024524955431,0.5021257296601728,0.0009388100700748272,0.0017240229536307184,0.03702371930486167,0.1374139400662514,0.17262721484472152,0.005762087234704476
selection,corrected,predicted:0.6,745,79,0.6742686614197729,0.6823184049850147,0.6866498587787723,-0.012381197358999282,0.0017433473557218414,0.03354294470137068,0.16703579514015457,0.21549569671996627,-0.008049743565241784
selection,corrected,predicted:0.8,10,7,0.8136301486206887,0.8897201441669,0.8571549766815794,-0.043524828060890766,0.008930863455339489,0.05369193271878268,0.09671772477957288,0.11489838494941816,-0.07608999554621126
selection,corrected,realized_gt:0.6,1078,84,0.6157986788142148,0.7446435819394556,0.6308561933045173,-0.015057514490302428,0.0013365773572873482,0.03464641417602621,0.13154062700462146,0.15166939934919849,-0.12884490312524063
selection,corrected,realized_gt:0.75,491,80,0.666902987916484,0.8310359139092527,0.6859640385166569,-0.01906105060017295,0.0018790332479504432,0.035593964760707364,0.16437159076220761,0.1808481655357436,-0.16413292599276855
selection,corrected,realized_gt:0.9,63,35,0.7234842271134543,0.946640669107,0.7462002709712237,-0.02271604385776912,0.0040627196978369525,0.03979664004449709,0.22315644199354542,0.2304815568256818,-0.22315644199354542
