scenario,feature,development_min,development_max,scoring_min,scoring_max,outside_fraction
upside,output_growth_pct,-3.18311103473,4.54477764453,-1.0203436408100002,4.07814597722,0.0
upside,unemployment_pct,2.68795718159,8.88231022594,3.31284256938,7.5514835022,0.0
upside,collateral_change_pct,-15.0241048451,10.8638365371,-3.8771163568900002,5.60968108416,0.0
upside,liquidity,0.346662888907,1.0,0.502097192707,0.932085979228,0.0
upside,interest_rate,0.035,0.1453,0.035,0.1389,0.0
baseline,output_growth_pct,-3.18311103473,4.54477764453,-2.02034364081,3.07814597722,0.0
baseline,unemployment_pct,2.68795718159,8.88231022594,3.81284256938,8.0514835022,0.0
baseline,collateral_change_pct,-15.0241048451,10.8638365371,-6.37711635689,3.10968108416,0.0
baseline,liquidity,0.346662888907,1.0,0.454597192707,0.884585979228,0.0
baseline,interest_rate,0.035,0.1453,0.035,0.1389,0.0
downside,output_growth_pct,-3.18311103473,4.54477764453,-4.02034364081,1.0781459772200002,0.2894767107533065
downside,unemployment_pct,2.68795718159,8.88231022594,5.31284256938,9.5514835022,0.10212765957446808
downside,collateral_change_pct,-15.0241048451,10.8638365371,-11.87711635689,-2.39031891584,0.0
downside,liquidity,0.346662888907,1.0,0.347097192707,0.7770859792279999,0.0
downside,interest_rate,0.035,0.1453,0.035,0.1389,0.0
