segment,n,actual_mean,predicted_mean,bias,mae,rmse,weighted_bias,weighted_mae
all,2000,0.454305602,0.4512538830596202,-0.003051718940379797,0.11396452857513596,0.1657984866930156,-0.001344814235084297,0.11523731295988336
realized <=10%,158,0.05722739873417721,0.18601504190203197,0.1287876431678548,0.13999997321784494,0.2386753982299776,0.11838821074156937,0.1326101864575633
realized >60%,652,0.7628347638036809,0.6401518505550283,-0.1226829132486527,0.12704283894989074,0.14702541763713387,-0.12348899572985778,0.12768618209365604
realized >75%,327,0.8507107706422018,0.6947829365504105,-0.1559278340917913,0.15622818501989186,0.1717387997808401,-0.15516845380275848,0.15533597297367624
realized >=90%,89,0.9477218202247188,0.7434305457997461,-0.20429127442497308,0.20429127442497308,0.21317105079649978,-0.19692554475510324,0.19692554475510324
realized >=97%,25,0.993816,0.7751499497094866,-0.2186660502905134,0.2186660502905134,0.22632679893430072,-0.21311853202864003,0.21311853202864003
predicted top 10%,200,0.777711175,0.7523673269618868,-0.025343848038113136,0.17514648962913268,0.24335110712583055,-0.044106876447343644,0.16502757542311508
predicted top 5%,100,0.8181389099999999,0.7873008393360956,-0.030838070663904406,0.16916296460760225,0.2383671193401673,-0.06475514902123919,0.15414585293548366
collateral_type=Cash,192,0.11330179166666667,0.12103595610008078,0.007734164433414108,0.037054493983822025,0.05165597802494759,0.00695578573322224,0.03586520524911472
collateral_type=Mortgage,685,0.3455967503649635,0.3553732934964101,0.009776543131446587,0.07460571641442583,0.10341979307880769,0.011192137773129099,0.07569056729020306
collateral_type=Other,407,0.48907585995085995,0.4758908064244677,-0.013185053526392205,0.12038459568510375,0.16005596402913602,-0.018020434164954954,0.11491137368152014
collateral_type=Unsecured,716,0.6299854902234637,0.6175287685589743,-0.012456721664489369,0.16859378228723348,0.22643996805974176,-0.005523156549350431,0.1710939691130016
product_type=Financial Guarantee,158,0.34214825316455694,0.3580240725348237,0.015875819370266744,0.0735400251402073,0.10913017657133531,0.035698491554075784,0.08166648564641561
product_type=Import LC,249,0.36407920883534134,0.3802411723460828,0.01616196351074146,0.08982174667089822,0.13853067993125154,0.021362544806442212,0.08885218148442744
product_type=OVD,509,0.5217044656188605,0.5027090561285752,-0.018995409490285293,0.13761191110718055,0.19132435947318593,-0.024232959543258582,0.1278815683395133
product_type=Performance Guarantee,264,0.3466231893939394,0.3665329931383159,0.01990980374437649,0.10220187587405417,0.1481975383432416,0.02343994299956912,0.09922295032280405
product_type=Term Loan,820,0.49614629512195124,0.4861174280324432,-0.010028867089507978,0.11819312228385404,0.1706802824575576,-0.009593925142865981,0.1274284535212098
lien_rank=First,1009,0.3315087492566898,0.33506002100868826,0.0035512717519984452,0.07756288347316777,0.11160184223210314,0.005479402868513079,0.0781631956872292
lien_rank=Second,275,0.4474518727272727,0.4446603877572668,-0.002791484970005956,0.10529076221158715,0.1439478201988025,-0.015147700678860196,0.09859692968169319
lien_rank=Unsecured,716,0.6299854902234637,0.6175287685589743,-0.012456721664489369,0.16859378228723348,0.22643996805974176,-0.005523156549350431,0.1710939691130016
industry=Construction,242,0.4256176033057851,0.42965298569421523,0.004035382388430063,0.12862157556278367,0.1873102001341986,-0.02333874620934505,0.12672606594026312
industry=Hospitality,162,0.4748020370370371,0.46744781303965083,-0.0073542239973862205,0.11419441665958449,0.16460666904864107,0.0013496108611505456,0.12105362024960944
industry=Manufacturing,350,0.45460244000000005,0.4413363114731864,-0.013266128526813574,0.10706812456477784,0.15279306654077118,-0.013917194328188033,0.10790841937880458
industry=Retail,395,0.43039136962025315,0.4326535937542321,0.002262224133978992,0.10420381360765509,0.1534703784884932,0.009101354004759693,0.10470404559010185
industry=Services,510,0.4586637019607843,0.4586249366309073,-3.876532987698986e-05,0.11797268066295016,0.1732346793044861,0.008585898438686873,0.12007898710195922
industry=Technology,149,0.4890965234899329,0.4897532837334459,0.0006567602435130379,0.11263505760204422,0.16910338171491854,0.003460600888007206,0.11570760265388562
industry=Transport,192,0.48325259895833333,0.4717050123033009,-0.01154758665503243,0.11833385245687704,0.16230285718918494,-0.00545205602170164,0.11517448260884028
cure_flag=0,1678,0.5105117067938022,0.45420142353836246,-0.05631028325543965,0.08252615875290546,0.10654354873576796,-0.055930460073388824,0.08297231582912137
cure_flag=1,322,0.1614054658385093,0.4358937187014539,0.27448825286294454,0.2777955365307346,0.3340436091645669,0.2780107765079721,0.2803614439537137
