model,population,cohort,n,fraction,ead,ead_fraction,actual,predicted,mae,rmse,bias,ead_weighted_bias
A V5 H,H previously viewed,all,2000,1.0,1117095810.3,1.0,0.454305602,0.4512538830596203,0.11396452857513596,0.1657984866930156,-0.0030517189403797803,-0.0013448142350842812
A V5 H,H previously viewed,realized_gt60,652,0.326,371024310.89,0.3321329356614095,0.7628347638036809,0.6401518505550283,0.12704283894989074,0.14702541763713387,-0.1226829132486527,-0.12348899572985778
A V5 H,H previously viewed,realized_gt75,327,0.1635,184373197.78,0.16504689757137836,0.8507107706422018,0.6947829365504105,0.15622818501989186,0.1717387997808401,-0.1559278340917913,-0.15516845380275848
A V5 H,H previously viewed,realized_gt90,89,0.0445,52114981.989999995,0.04665220432256776,0.9477218202247188,0.7434305457997461,0.20429127442497308,0.21317105079649978,-0.20429127442497308,-0.19692554475510324
A V5 H,H previously viewed,predicted_top10,200,0.1,117896638.94,0.10553852037842523,0.777711175,0.7523673269618868,0.17514648962913268,0.24335110712583055,-0.025343848038113136,-0.044106876447343644
A V5 H,H previously viewed,realized_le20,391,0.1955,225867894.31,0.20219205212965788,0.1125375115089514,0.3146152430617771,0.2086602747617805,0.289207595165263,0.20207773155282563,0.20455660623278346
A V5 H,R2 selection,all,3000,1.0,1670782519.2817435,1.0,0.4889455313576744,0.481399306067829,0.12674882925867204,0.17574333256020067,-0.0075462252898454135,-0.006162575925755185
A V5 H,R2 selection,realized_gt60,1142,0.38066666666666665,615341423.1436043,0.3682953442726554,0.7420814324977865,0.6369028947023454,0.12562777146964121,0.15628837325121595,-0.10517853779544101,-0.10637668192322895
A V5 H,R2 selection,realized_gt75,491,0.16366666666666665,261551398.38997802,0.15654425119459411,0.8349387012568643,0.7044099011929139,0.14121235974623741,0.17119603272038666,-0.13052880006395043,-0.12614887206513825
A V5 H,R2 selection,realized_gt90,84,0.028,38557451.52685335,0.02307748081026662,0.9508357294327082,0.7579808152971738,0.19285491413553457,0.2177271238602575,-0.19285491413553457,-0.19709720971031092
A V5 H,R2 selection,predicted_top10,300,0.1,161813346.15341222,0.09684883836525565,0.7329280634493509,0.8022495277708941,0.14868138964264502,0.2358855709665046,0.0693214643215433,0.06424433486220268
A V5 H,R2 selection,realized_le20,417,0.139,204417667.10736388,0.12234845932865125,0.13506342178268926,0.31114757123730236,0.19296269896880278,0.2711258894541761,0.17608414945461304,0.17076228432061602
B V5 R2 equal N,H previously viewed,all,2000,1.0,1117095810.3,1.0,0.454305602,0.4824552460237212,0.12682593835601838,0.17562743840168812,0.028149644023721238,0.03269805511664911
B V5 R2 equal N,H previously viewed,realized_gt60,652,0.326,371024310.89,0.3321329356614095,0.7628347638036809,0.6383612318191508,0.12909337005165533,0.15024488480121498,-0.12447353198453016,-0.12301562977744163
B V5 R2 equal N,H previously viewed,realized_gt75,327,0.1635,184373197.78,0.16504689757137836,0.8507107706422018,0.6790185693457307,0.17187520105423224,0.18543435484674137,-0.17169220129647114,-0.1695903724982885
B V5 R2 equal N,H previously viewed,realized_gt90,89,0.0445,52114981.989999995,0.04665220432256776,0.9477218202247188,0.7199522565337909,0.22776956369092813,0.2351020739260806,-0.22776956369092813,-0.22135849492666188
B V5 R2 equal N,H previously viewed,predicted_top10,200,0.1,116468933.57,0.1042604694209012,0.77779571,0.731350124507814,0.1795812496720922,0.2378099820504607,-0.046445585492185956,-0.05990693827801724
B V5 R2 equal N,H previously viewed,realized_le20,391,0.1955,225867894.31,0.20219205212965788,0.1125375115089514,0.3671020833085189,0.25484695592347756,0.30953093812395427,0.2545645717995676,0.26280799965952417
B V5 R2 equal N,R2 selection,all,3000,1.0,1670782519.2817435,1.0,0.4889455313576744,0.49248648133772804,0.12729894920347565,0.17030450353883272,0.0035409499800536227,0.007709989332486561
B V5 R2 equal N,R2 selection,realized_gt60,1142,0.38066666666666665,615341423.1436043,0.3682953442726554,0.7420814324977865,0.6220494774136698,0.12801040096446548,0.15456782198021693,-0.12003195508411667,-0.1176080511901029
B V5 R2 equal N,R2 selection,realized_gt75,491,0.16366666666666665,261551398.38997802,0.15654425119459411,0.8349387012568643,0.6713817182071447,0.16451614015925434,0.18541533460354473,-0.16355698304971966,-0.15533676818305683
B V5 R2 equal N,R2 selection,realized_gt90,84,0.028,38557451.52685335,0.02307748081026662,0.9508357294327082,0.7086681420221268,0.24216758741058153,0.25536069924628746,-0.24216758741058153,-0.2443009495211046
B V5 R2 equal N,R2 selection,predicted_top10,301,0.10033333333333333,176790487.09215045,0.10581298586254739,0.7379758412266019,0.7395075602553749,0.14147993295283554,0.20566926146030612,0.0015317190287730106,0.027687741028344714
B V5 R2 equal N,R2 selection,realized_le20,417,0.139,204417667.10736388,0.12234845932865125,0.13506342178268926,0.3403331299838962,0.20846003529604948,0.2673696161154594,0.20526970820120688,0.2062448293971345
C two-stage H,H previously viewed,all,2000,1.0,1117095810.3,1.0,0.454305602,0.4508443738159542,0.1125641198941399,0.1640352288088678,-0.0034612281840457953,-0.0007453973464763886
C two-stage H,H previously viewed,realized_gt60,652,0.326,371024310.89,0.3321329356614095,0.7628347638036809,0.6409964380492634,0.1274117169439771,0.1468664635391289,-0.12183832575441755,-0.11820717297143715
C two-stage H,H previously viewed,realized_gt75,327,0.1635,184373197.78,0.16504689757137836,0.8507107706422018,0.7128994535376248,0.14029497345421835,0.16185732416488208,-0.13781131710457706,-0.1332106277051649
C two-stage H,H previously viewed,realized_gt90,89,0.0445,52114981.989999995,0.04665220432256776,0.9477218202247188,0.7810522701627179,0.16675265680536772,0.18570533055103922,-0.16666955006200115,-0.15751896549669164
C two-stage H,H previously viewed,predicted_top10,200,0.1,119786452.54999998,0.10723024063426656,0.7972959350000001,0.7916511641307098,0.1480066309962238,0.23132574534357314,-0.0056447708692902165,-0.01664920618045087
C two-stage H,H previously viewed,realized_le20,391,0.1955,225867894.31,0.20219205212965788,0.1125375115089514,0.31191150417226354,0.20458243998934075,0.2865967125074826,0.19937399266331216,0.20163906045402039
C two-stage H,R2 selection,all,3000,1.0,1670782519.2817435,1.0,0.4889455313576744,0.4707474036591094,0.1296820863699766,0.17815769161079564,-0.01819812769856508,-0.013809308177496316
C two-stage H,R2 selection,realized_gt60,1142,0.38066666666666665,615341423.1436043,0.3682953442726554,0.7420814324977865,0.6292471133548957,0.13877150644577604,0.16852084857690292,-0.1128343191428907,-0.11099672370454551
C two-stage H,R2 selection,realized_gt75,491,0.16366666666666665,261551398.38997802,0.15654425119459411,0.8349387012568643,0.7058964142433035,0.146946447338411,0.18122727402529773,-0.12904228701356074,-0.12136856730506931
C two-stage H,R2 selection,realized_gt90,84,0.028,38557451.52685335,0.02307748081026662,0.9508357294327082,0.7660729810180662,0.18753119922247247,0.21833727300934563,-0.1847627484146422,-0.1971882032744378
C two-stage H,R2 selection,predicted_top10,300,0.1,169891222.0751953,0.10168362435838163,0.7305972531049216,0.8257694437572831,0.14400216384810838,0.23762543230377467,0.09517219065236157,0.11288152245466887
C two-stage H,R2 selection,realized_le20,417,0.139,204417667.10736388,0.12234845932865125,0.13506342178268926,0.299981607956066,0.1828643759637888,0.266122333301642,0.16491818617337678,0.1616526092477511
D two-stage R2 equal N,H previously viewed,all,2000,1.0,1117095810.3,1.0,0.454305602,0.48045394464959496,0.12713584937798814,0.1751729895665958,0.026148342649594994,0.031162343385995075
D two-stage R2 equal N,H previously viewed,realized_gt60,652,0.326,371024310.89,0.3321329356614095,0.7628347638036809,0.6332656403924063,0.13290873707775652,0.1530056679886405,-0.12956912341127466,-0.126352371672975
D two-stage R2 equal N,H previously viewed,realized_gt75,327,0.1635,184373197.78,0.16504689757137836,0.8507107706422018,0.678496464909932,0.17226852995457814,0.18714130820796296,-0.17221430573226987,-0.167549746658565
D two-stage R2 equal N,H previously viewed,realized_gt90,89,0.0445,52114981.989999995,0.04665220432256776,0.9477218202247188,0.7222460404539561,0.225475779770763,0.2343612124004792,-0.225475779770763,-0.21796382599474284
D two-stage R2 equal N,H previously viewed,predicted_top10,200,0.1,122331007.81,0.10950807144925875,0.786471555,0.7355996401621466,0.17549223499247474,0.23265141350327004,-0.050871914837853326,-0.06555041355442523
D two-stage R2 equal N,H previously viewed,realized_le20,391,0.1955,225867894.31,0.20219205212965788,0.1125375115089514,0.36675002875515156,0.2543435619346593,0.30716777964781034,0.25421251724620014,0.26240873689466593
D two-stage R2 equal N,R2 selection,all,3000,1.0,1670782519.2817435,1.0,0.4889455313576744,0.4924691449755522,0.12669586960204027,0.16982026121776506,0.003523613617877748,0.007661420997295228
D two-stage R2 equal N,R2 selection,realized_gt60,1142,0.38066666666666665,615341423.1436043,0.3682953442726554,0.7420814324977865,0.6226088412067173,0.12834440507437764,0.15464262385529098,-0.1194725912910691,-0.11859064025145723
D two-stage R2 equal N,R2 selection,realized_gt75,491,0.16366666666666665,261551398.38997802,0.15654425119459411,0.8349387012568643,0.6759500066121121,0.16023607341794172,0.1833836414705643,-0.1589886946447522,-0.15407830041229473
D two-stage R2 equal N,R2 selection,realized_gt90,84,0.028,38557451.52685335,0.02307748081026662,0.9508357294327082,0.7212089656158452,0.229626763816863,0.2453231223288416,-0.229626763816863,-0.2349631477234099
D two-stage R2 equal N,R2 selection,predicted_top10,300,0.1,167869538.15467584,0.10047360216986329,0.7375428292651058,0.7541613616746885,0.14172584502858587,0.21387299696007792,0.01661853240958273,0.033119172955945915
D two-stage R2 equal N,R2 selection,realized_le20,417,0.139,204417667.10736388,0.12234845932865125,0.13506342178268926,0.34133950511969957,0.20900633341262861,0.26754360781746944,0.2062760833370103,0.2078863279244004
mean R2,H previously viewed,all,2000,1.0,1117095810.3,1.0,0.454305602,0.4938865502139372,0.15528039311796,0.19932951207619573,0.03958094821393722,0.04415578128715179
mean R2,H previously viewed,realized_gt60,652,0.326,371024310.89,0.3321329356614095,0.7628347638036809,0.6148549263987115,0.15217604188007694,0.17600614211310725,-0.14797983740496948,-0.14579721276383983
mean R2,H previously viewed,realized_gt75,327,0.1635,184373197.78,0.16504689757137836,0.8507107706422018,0.6510235964324512,0.1996871742097505,0.2137471758794862,-0.1996871742097505,-0.20083043539765938
mean R2,H previously viewed,realized_gt90,89,0.0445,52114981.989999995,0.04665220432256776,0.9477218202247188,0.6680877057630652,0.2796341144616539,0.2822685294936536,-0.2796341144616539,-0.28396066914645485
mean R2,H previously viewed,predicted_top10,289,0.1445,176359380.9,0.1578731020865955,0.69520146366782,0.6785795015664062,0.18116192148949764,0.24535669747547692,-0.016621962101413625,0.007644900710744343
mean R2,H previously viewed,realized_le20,391,0.1955,225867894.31,0.20219205212965788,0.1125375115089514,0.4036718162990657,0.2915108643281688,0.33730436246053436,0.2911343047901143,0.2979249039170797
mean R2,R2 selection,all,3000,1.0,1670782519.2817435,1.0,0.4889455313576744,0.49393374420643793,0.15282462567026434,0.1927086072852546,0.0049882128487634785,0.006850194428617495
mean R2,R2 selection,realized_gt60,1142,0.38066666666666665,615341423.1436043,0.3682953442726554,0.7420814324977865,0.5914793252447287,0.15592202682442957,0.18554476378816864,-0.15060210725305767,-0.14625598595155248
mean R2,R2 selection,realized_gt75,491,0.16366666666666665,261551398.38997802,0.15654425119459411,0.8349387012568643,0.6266316409870548,0.20830706026980952,0.22676061646848408,-0.20830706026980952,-0.1994011187351317
mean R2,R2 selection,realized_gt90,84,0.028,38557451.52685335,0.02307748081026662,0.9508357294327082,0.6495326435811349,0.3013030858515733,0.3064065790471182,-0.3013030858515733,-0.3064321423475411
mean R2,R2 selection,predicted_top10,438,0.146,265735006.59237596,0.1590482325052176,0.6737761563388254,0.6785795015664065,0.17428546634708325,0.23234851613791221,0.004803345227581114,0.01602259340224591
mean R2,R2 selection,realized_le20,417,0.139,204417667.10736388,0.12234845932865125,0.13506342178268926,0.38569497536822156,0.2509748941785663,0.2953131995869577,0.25063155358553235,0.2506724845956831
simple original proxy transfer,R2 selection,all,3000,1.0,1670782519.2817435,1.0,0.4889455313576744,0.34345320325066736,0.22222227152958582,0.26507120805835177,-0.14549232810700705,-0.1473683905903104
simple original proxy transfer,R2 selection,realized_gt60,1142,0.38066666666666665,615341423.1436043,0.3682953442726554,0.7420814324977865,0.5195703507079764,0.22384066455120777,0.2734922001528262,-0.22251108178981008,-0.22109624134654082
simple original proxy transfer,R2 selection,realized_gt75,491,0.16366666666666665,261551398.38997802,0.15654425119459411,0.8349387012568643,0.5764127281479345,0.2585259731089298,0.2843669770716382,-0.2585259731089298,-0.2489910445349805
simple original proxy transfer,R2 selection,realized_gt90,84,0.028,38557451.52685335,0.02307748081026662,0.9508357294327082,0.6066983114616756,0.34413741797103264,0.3506007515194479,-0.34413741797103264,-0.34674232985648434
simple original proxy transfer,R2 selection,predicted_top10,1085,0.3616666666666667,583911580.3149831,0.3494838936703756,0.6372422311152914,0.6250337680290676,0.18300826524342978,0.22910782112470712,-0.012208463086223793,-0.004797972630228779
simple original proxy transfer,R2 selection,realized_le20,417,0.139,204417667.10736388,0.12234845932865125,0.13506342178268926,0.20880576055789216,0.19160185353278952,0.2500535277443268,0.0737423387752029,0.07728402481083994
V5 R2 full,H previously viewed,all,2000,1.0,1117095810.3,1.0,0.454305602,0.48248467499098113,0.1267855845363024,0.17551672560621553,0.028179072990981126,0.0335962722609756
V5 R2 full,H previously viewed,realized_gt60,652,0.326,371024310.89,0.3321329356614095,0.7628347638036809,0.6372795067180872,0.12937308310241308,0.14990273781733487,-0.12555525708559384,-0.12293487369143251
V5 R2 full,H previously viewed,realized_gt75,327,0.1635,184373197.78,0.16504689757137836,0.8507107706422018,0.6781782087592102,0.17265673207616722,0.18550839134393884,-0.17253256188299165,-0.16761814665538216
V5 R2 full,H previously viewed,realized_gt90,89,0.0445,52114981.989999995,0.04665220432256776,0.9477218202247188,0.7203351423445981,0.22738667788012115,0.2344052706703058,-0.22738667788012115,-0.21973717618819702
V5 R2 full,H previously viewed,predicted_top10,200,0.1,119506550.29000002,0.10697967818705373,0.7940819849999999,0.7300471539244983,0.1743278517159665,0.22869244989558862,-0.06403483107550181,-0.07958231293306223
V5 R2 full,H previously viewed,realized_le20,391,0.1955,225867894.31,0.20219205212965788,0.1125375115089514,0.36744735499406134,0.25525040783703146,0.3100546249037355,0.2549098434851098,0.2650136776022415
V5 R2 full,R2 selection,all,3000,1.0,1670782519.2817435,1.0,0.4889455313576744,0.49270480456748994,0.12694595414310553,0.1698280295165045,0.0037592732098155677,0.00782569415698817
V5 R2 full,R2 selection,realized_gt60,1142,0.38066666666666665,615341423.1436043,0.3682953442726554,0.7420814324977865,0.621872942196087,0.12803662384498346,0.15393980715316463,-0.12020849030169947,-0.11858635310462227
V5 R2 full,R2 selection,realized_gt75,491,0.16366666666666665,261551398.38997802,0.15654425119459411,0.8349387012568643,0.6701628537599945,0.16571016474556793,0.1858880895766878,-0.16477584749686977,-0.15693748480231864
V5 R2 full,R2 selection,realized_gt90,84,0.028,38557451.52685335,0.02307748081026662,0.9508357294327082,0.7075664851396575,0.2432692442930509,0.257102426369892,-0.2432692442930509,-0.2473179558411997
V5 R2 full,R2 selection,predicted_top10,300,0.1,173589491.31775746,0.10389711965168408,0.7316986978754093,0.7381446288619314,0.1491968647761192,0.2154378819313514,0.006445930986522185,0.02477072315781877
V5 R2 full,R2 selection,realized_le20,417,0.139,204417667.10736388,0.12234845932865125,0.13506342178268926,0.33888842215832343,0.20713323858977756,0.26671422220856095,0.2038250003756341,0.20651346534927703
Huber R2,H previously viewed,all,2000,1.0,1117095810.3,1.0,0.454305602,0.49328353825005966,0.12162747958524742,0.1749339423766984,0.03897793625005966,0.044265556379154844
Huber R2,H previously viewed,realized_gt60,652,0.326,371024310.89,0.3321329356614095,0.7628347638036809,0.662233903531729,0.10802882253871074,0.12871400973451547,-0.10060086027195203,-0.09865652873860364
Huber R2,H previously viewed,realized_gt75,327,0.1635,184373197.78,0.16504689757137836,0.8507107706422018,0.7080608295549253,0.14296450794381343,0.15768638311826308,-0.14264994108727655,-0.13829060164456758
Huber R2,H previously viewed,realized_gt90,89,0.0445,52114981.989999995,0.04665220432256776,0.9477218202247188,0.7507351038020672,0.1969867164226519,0.2037102602046527,-0.1969867164226519,-0.18947957254231568
Huber R2,H previously viewed,predicted_top10,200,0.1,117997895.9,0.10562916341823111,0.80139491,0.7584965929182691,0.15168904776677425,0.2141309109626185,-0.04289831708173094,-0.05667101808245212
Huber R2,H previously viewed,realized_le20,391,0.1955,225867894.31,0.20219205212965788,0.1125375115089514,0.3739103291435563,0.26159771780680746,0.32210412043274994,0.2613728176346049,0.27079296099767675
Huber R2,R2 selection,all,3000,1.0,1670782519.2817435,1.0,0.4889455313576744,0.5051256918885245,0.12375032999805834,0.17106989963011196,0.01618016053085012,0.019963931294076948
Huber R2,R2 selection,realized_gt60,1142,0.38066666666666665,615341423.1436043,0.3682953442726554,0.7420814324977865,0.6454275752955497,0.11160223013212736,0.1389042232471753,-0.09665385720223671,-0.0951931769972468
Huber R2,R2 selection,realized_gt75,491,0.16366666666666665,261551398.38997802,0.15654425119459411,0.8349387012568643,0.6989112846163611,0.13876106496319324,0.16227380291272045,-0.13602741664050327,-0.1280497498162376
Huber R2,R2 selection,realized_gt90,84,0.028,38557451.52685335,0.02307748081026662,0.9508357294327082,0.738306486814483,0.21252924261822545,0.22694459170867615,-0.21252924261822545,-0.21574234793935637
Huber R2,R2 selection,predicted_top10,300,0.1,169142981.51442057,0.10123578596401274,0.7381200342056364,0.7683638573491841,0.1420095959979467,0.21756752104822435,0.0302438231435477,0.038353978855244567
Huber R2,R2 selection,realized_le20,417,0.139,204417667.10736388,0.12234845932865125,0.13506342178268926,0.3457779432803668,0.21397712915851033,0.2802284038147385,0.21071452149767753,0.21258586014720732
RF R2,H previously viewed,all,2000,1.0,1117095810.3,1.0,0.454305602,0.48506498490446404,0.12603173464843034,0.1767674854174057,0.03075938290446399,0.03524091392691073
RF R2,H previously viewed,realized_gt60,652,0.326,371024310.89,0.3321329356614095,0.7628347638036809,0.640953519556731,0.1269508972247213,0.1477418253158617,-0.12188124424695009,-0.11866119211164132
RF R2,H previously viewed,realized_gt75,327,0.1635,184373197.78,0.16504689757137836,0.8507107706422018,0.6834832353244675,0.16761394090930384,0.18185661769828199,-0.16722753531773427,-0.16205380478567932
RF R2,H previously viewed,realized_gt90,89,0.0445,52114981.989999995,0.04665220432256776,0.9477218202247188,0.7272607306614404,0.22046108956327878,0.22868779945755088,-0.22046108956327878,-0.2146836203241515
RF R2,H previously viewed,predicted_top10,200,0.1,123378603.83000001,0.11044585674067317,0.76635549,0.743532939643467,0.18430023710500265,0.2540125342644207,-0.02282255035653285,-0.02881132718240551
RF R2,H previously viewed,realized_le20,391,0.1955,225867894.31,0.20219205212965788,0.1125375115089514,0.36863758726160856,0.25610007575265714,0.31468916520203005,0.25610007575265714,0.2644230266823038
RF R2,R2 selection,all,3000,1.0,1670782519.2817435,1.0,0.4889455313576744,0.493343272788766,0.12668438805104568,0.17031731277471035,0.004397741431091553,0.007386184748110893
RF R2,R2 selection,realized_gt60,1142,0.38066666666666665,615341423.1436043,0.3682953442726554,0.7420814324977865,0.6234232933372756,0.12841449234078967,0.15515724788177804,-0.11865813916051081,-0.11823657291279675
RF R2,R2 selection,realized_gt75,491,0.16366666666666665,261551398.38997802,0.15654425119459411,0.8349387012568643,0.6716189976068281,0.16558279982582652,0.18733668243796323,-0.16331970365003642,-0.1579853752004006
RF R2,R2 selection,realized_gt90,84,0.028,38557451.52685335,0.02307748081026662,0.9508357294327082,0.7100817683527818,0.24075396107992647,0.2564012439689171,-0.24075396107992647,-0.24211532984259762
RF R2,R2 selection,predicted_top10,300,0.1,161206671.14076072,0.09648573005783076,0.7318317156228108,0.7486816857842933,0.14638726950463116,0.21668533682759789,0.016849970161482423,0.022992190127215283
RF R2,R2 selection,realized_le20,417,0.139,204417667.10736388,0.12234845932865125,0.13506342178268926,0.3382671388173181,0.20548981736889865,0.2670247919016551,0.2032037170346289,0.20646953462831705
two-stage enhanced R2,R2 selection,all,3000,1.0,1670782519.2817435,1.0,0.4889455313576744,0.490813285507,0.1110909061401762,0.153465243969658,0.001867754149325564,0.003561981859156607
two-stage enhanced R2,R2 selection,realized_gt60,1142,0.38066666666666665,615341423.1436043,0.3682953442726554,0.7420814324977865,0.641683070544229,0.10859625235019642,0.12801671623550945,-0.10039836195355742,-0.10403943631598328
two-stage enhanced R2,R2 selection,realized_gt75,491,0.16366666666666665,261551398.38997802,0.15654425119459411,0.8349387012568643,0.7147556725055907,0.12759036946154267,0.14933214977494766,-0.12018302875127378,-0.12642664253814334
two-stage enhanced R2,R2 selection,realized_gt90,84,0.028,38557451.52685335,0.02307748081026662,0.9508357294327082,0.7979075016706222,0.15368586140253623,0.1774795331112046,-0.15292822776208612,-0.16166684577237442
two-stage enhanced R2,R2 selection,predicted_top10,300,0.1,159066112.93638486,0.09520455900194967,0.7856693823983832,0.7959783986170144,0.11740659202550965,0.1888308233345163,0.010309016218631123,0.04464121457757013
two-stage enhanced R2,R2 selection,realized_le20,417,0.139,204417667.10736388,0.12234845932865125,0.13506342178268926,0.3130248570341852,0.1811460038453587,0.24451000615078541,0.17796143525149596,0.17698863177652452
GB enhanced R2,R2 selection,all,3000,1.0,1670782519.2817435,1.0,0.4889455313576744,0.4907651543030762,0.11095366823381225,0.15366118700900405,0.0018196229454018134,0.0036317802819477102
GB enhanced R2,R2 selection,realized_gt60,1142,0.38066666666666665,615341423.1436043,0.3682953442726554,0.7420814324977865,0.6410479117227573,0.10709821917850143,0.12649693995897723,-0.10103352077502901,-0.10339389490826954
GB enhanced R2,R2 selection,realized_gt75,491,0.16366666666666665,261551398.38997802,0.15654425119459411,0.8349387012568643,0.7036183595679305,0.13392110636898097,0.15182504598210983,-0.1313203416889338,-0.13367235265406244
GB enhanced R2,R2 selection,realized_gt90,84,0.028,38557451.52685335,0.02307748081026662,0.9508357294327082,0.7725098073034358,0.17868569768263529,0.1949216099952391,-0.17832592212927237,-0.18433014951297655
GB enhanced R2,R2 selection,predicted_top10,301,0.10033333333333333,152612849.87297964,0.09134213945366554,0.7745688279710126,0.7699780796459276,0.12500410503575982,0.18833432183948878,-0.004590748325085185,0.0226416083460936
GB enhanced R2,R2 selection,realized_le20,417,0.139,204417667.10736388,0.12234845932865125,0.13506342178268926,0.3116843551078361,0.18074391718802924,0.2458592955292362,0.17662093332514683,0.1760120476123026
component R2,R2 selection,all,3000,1.0,1670782519.2817435,1.0,0.4889455313576744,0.4934408441903267,0.10907355049274324,0.1551970069676386,0.004495312832652304,0.006566123127635497
component R2,R2 selection,realized_gt60,1142,0.38066666666666665,615341423.1436043,0.3682953442726554,0.7420814324977865,0.6471277663444959,0.10049572714356257,0.119677143591903,-0.09495366615329055,-0.09715001526390016
component R2,R2 selection,realized_gt75,491,0.16366666666666665,261551398.38997802,0.15654425119459411,0.8349387012568643,0.7038063555749463,0.13280704158523426,0.14859787218951617,-0.13113234568191806,-0.13189947538746646
component R2,R2 selection,realized_gt90,84,0.028,38557451.52685335,0.02307748081026662,0.9508357294327082,0.7661041957863352,0.1847315336463732,0.19793192566771373,-0.1847315336463732,-0.18940604791727514
component R2,R2 selection,predicted_top10,300,0.1,160657162.92232314,0.09615683733116169,0.7813361517218359,0.7603983228302195,0.1338014157748581,0.1935685852188278,-0.020937828891616286,0.01156572845347564
component R2,R2 selection,realized_le20,417,0.139,204417667.10736388,0.12234845932865125,0.13506342178268926,0.3135957539143601,0.18176702271795833,0.25550478761505974,0.17853233213167083,0.17606337499819064
oracle FUTURE INFORMATION,R2 selection,all,3000,1.0,1670782519.2817435,1.0,0.4889455313576744,0.48910514461821913,0.03997258495597859,0.05225995682162184,0.00015961326054460894,-0.0012323992465436942
oracle FUTURE INFORMATION,R2 selection,realized_gt60,1142,0.38066666666666665,615341423.1436043,0.3682953442726554,0.7420814324977865,0.7181920967639543,0.03616871210647411,0.04803468732901956,-0.023889335733832066,-0.023720585703966915
oracle FUTURE INFORMATION,R2 selection,realized_gt75,491,0.16366666666666665,261551398.38997802,0.15654425119459411,0.8349387012568643,0.7994659920860139,0.041385090106253575,0.05227600399959616,-0.035472709170850436,-0.03196180094409493
oracle FUTURE INFORMATION,R2 selection,realized_gt90,84,0.028,38557451.52685335,0.02307748081026662,0.9508357294327082,0.8816277973737805,0.06920793205892808,0.07416731086040926,-0.06920793205892808,-0.06926421183498274
oracle FUTURE INFORMATION,R2 selection,predicted_top10,300,0.1,156645471.33280042,0.09375575188573382,0.8673542595680158,0.8370840404197573,0.03972049978437461,0.04900074741582418,-0.03027021914825858,-0.027244162367504637
oracle FUTURE INFORMATION,R2 selection,realized_le20,417,0.139,204417667.10736388,0.12234845932865125,0.13506342178268926,0.17519789557198392,0.05188115463481166,0.06681189242309407,0.04013447378929465,0.036447827831705734
quantile p90 RISK ONLY,R2 selection,all,3000,1.0,1670782519.2817435,1.0,0.4889455313576744,0.6343348128168481,0.15412787392103855,0.2152384342320858,0.14538928145917368,0.14708470186929967
quantile p90 RISK ONLY,R2 selection,realized_gt60,1142,0.38066666666666665,615341423.1436043,0.3682953442726554,0.7420814324977865,0.8028637978674165,0.07919978283228497,0.09703907050034391,0.06078236536963008,0.059292558039825756
quantile p90 RISK ONLY,R2 selection,realized_gt75,491,0.16366666666666665,261551398.38997802,0.15654425119459411,0.8349387012568643,0.8673520556464036,0.06133293659353425,0.07538110641144294,0.03241335438953934,0.03259908489324969
quantile p90 RISK ONLY,R2 selection,realized_gt90,84,0.028,38557451.52685335,0.02307748081026662,0.9508357294327082,0.9246839796273246,0.04667500442050227,0.05903037795900087,-0.02615174980538389,-0.029015377848549066
quantile p90 RISK ONLY,R2 selection,predicted_top10,301,0.10033333333333333,162336546.24158213,0.0971619850986766,0.7765569464545432,0.9207238560413536,0.15404107190304264,0.24816217976705307,0.14416690958681036,0.1749809903799982
quantile p90 RISK ONLY,R2 selection,realized_le20,417,0.139,204417667.10736388,0.12234845932865125,0.13506342178268926,0.4480262205210639,0.3129627987383747,0.373721674592768,0.3129627987383747,0.3108057901704915
ablate collateral,R2 selection,all,3000,1.0,1670782519.2817435,1.0,0.4889455313576744,0.49111621370144865,0.191742966722042,0.22260628427241214,0.002170682343774162,0.005019307719189404
ablate collateral,R2 selection,realized_gt60,1142,0.38066666666666665,615341423.1436043,0.3682953442726554,0.7420814324977865,0.5311828709090924,0.21345593543462782,0.2348374894714519,-0.21089856158869405,-0.21049841363561558
ablate collateral,R2 selection,realized_gt75,491,0.16366666666666665,261551398.38997802,0.15654425119459411,0.8349387012568643,0.5651218308102142,0.2702953097457288,0.2843908442645534,-0.2698168704466501,-0.27301701832651964
ablate collateral,R2 selection,realized_gt90,84,0.028,38557451.52685335,0.02307748081026662,0.9508357294327082,0.6205400717615804,0.33029565767112806,0.34111285960756654,-0.33029565767112806,-0.33255467031932284
ablate collateral,R2 selection,predicted_top10,301,0.10033333333333333,173324151.71978796,0.10373830807991614,0.6713819718012306,0.6693442568202157,0.1858704029029357,0.22578691527911396,-0.0020377149810148925,0.03605265369045653
ablate collateral,R2 selection,realized_le20,417,0.139,204417667.10736388,0.12234845932865125,0.13506342178268926,0.45262201151116965,0.3175585897284805,0.330404321725921,0.3175585897284805,0.31194085518789105
ablate guarantee,R2 selection,all,3000,1.0,1670782519.2817435,1.0,0.4889455313576744,0.4910864019175216,0.11804556828024372,0.15909539012255663,0.002140870559847137,0.005134250486619954
ablate guarantee,R2 selection,realized_gt60,1142,0.38066666666666665,615341423.1436043,0.3682953442726554,0.7420814324977865,0.6345632486757402,0.11662851521750682,0.1387198038202308,-0.10751818382204623,-0.10620598577085766
ablate guarantee,R2 selection,realized_gt75,491,0.16366666666666665,261551398.38997802,0.15654425119459411,0.8349387012568643,0.690148403321394,0.14764899325799888,0.16768497929448614,-0.14479029793547032,-0.14370422974665828
ablate guarantee,R2 selection,realized_gt90,84,0.028,38557451.52685335,0.02307748081026662,0.9508357294327082,0.7564850351837267,0.19435069424898163,0.21077890858879256,-0.19435069424898163,-0.20084011063736143
ablate guarantee,R2 selection,predicted_top10,300,0.1,158280934.68252844,0.09473461258774253,0.7726286847383245,0.7666306182314888,0.12505806900830843,0.18323937388622696,-0.005998066506835621,0.025841891660684648
ablate guarantee,R2 selection,realized_le20,417,0.139,204417667.10736388,0.12234845932865125,0.13506342178268926,0.3136499581106291,0.18185877144876608,0.2443287704520584,0.17858653632793983,0.17987394729079267
ablate facility,R2 selection,all,3000,1.0,1670782519.2817435,1.0,0.4889455313576744,0.4907864547446812,0.11079907971315862,0.15354098135916425,0.001840923387006749,0.0033906181874573805
ablate facility,R2 selection,realized_gt60,1142,0.38066666666666665,615341423.1436043,0.3682953442726554,0.7420814324977865,0.6414051291978902,0.10682511795233647,0.12623926075499906,-0.10067630329989626,-0.10322690052958194
ablate facility,R2 selection,realized_gt75,491,0.16366666666666665,261551398.38997802,0.15654425119459411,0.8349387012568643,0.7040181683529851,0.13353701777135552,0.1516267105245226,-0.1309205329038793,-0.1333511988809837
ablate facility,R2 selection,realized_gt90,84,0.028,38557451.52685335,0.02307748081026662,0.9508357294327082,0.7726401565457512,0.17855695487510365,0.19516923159488236,-0.17819557288695714,-0.18369208013013352
ablate facility,R2 selection,predicted_top10,300,0.1,152822901.01998836,0.09146785967433137,0.7789652028835119,0.7706568134728701,0.12233181034365778,0.1839413863735027,-0.008308389410641688,0.019153508764284795
ablate facility,R2 selection,realized_le20,417,0.139,204417667.10736388,0.12234845932865125,0.13506342178268926,0.31119289030186786,0.1803356554792539,0.24563976130764514,0.1761294685191786,0.17501068977453682
ablate borrower,R2 selection,all,3000,1.0,1670782519.2817435,1.0,0.4889455313576744,0.49160298553622456,0.11485541503335867,0.16060921870390465,0.002657454178550148,0.004555012758939606
ablate borrower,R2 selection,realized_gt60,1142,0.38066666666666665,615341423.1436043,0.3682953442726554,0.7420814324977865,0.6369495394335912,0.11146005990294082,0.13231823231844766,-0.10513189306419514,-0.10798919123829873
ablate borrower,R2 selection,realized_gt75,491,0.16366666666666665,261551398.38997802,0.15654425119459411,0.8349387012568643,0.6901748639315965,0.14754487440785125,0.1651176650579103,-0.1447638373252678,-0.1460001977000979
ablate borrower,R2 selection,realized_gt90,84,0.028,38557451.52685335,0.02307748081026662,0.9508357294327082,0.7453481963215249,0.20548753311118334,0.21712636075737196,-0.20548753311118334,-0.21060897594804792
ablate borrower,R2 selection,predicted_top10,300,0.1,179533875.6442858,0.1074549641095515,0.7535126143068382,0.7581449501012713,0.13108017620867254,0.1944379314476106,0.004632335794432927,0.035188857016244975
ablate borrower,R2 selection,realized_le20,417,0.139,204417667.10736388,0.12234845932865125,0.13506342178268926,0.3172661768277621,0.18532082821650253,0.25530843379332513,0.1822027550450728,0.18124352653138376
ablate new information,R2 selection,all,3000,1.0,1670782519.2817435,1.0,0.4889455313576744,0.49270480456748994,0.12694595414310553,0.1698280295165045,0.0037592732098155677,0.00782569415698817
ablate new information,R2 selection,realized_gt60,1142,0.38066666666666665,615341423.1436043,0.3682953442726554,0.7420814324977865,0.621872942196087,0.12803662384498346,0.15393980715316463,-0.12020849030169947,-0.11858635310462227
ablate new information,R2 selection,realized_gt75,491,0.16366666666666665,261551398.38997802,0.15654425119459411,0.8349387012568643,0.6701628537599945,0.16571016474556793,0.1858880895766878,-0.16477584749686977,-0.15693748480231864
ablate new information,R2 selection,realized_gt90,84,0.028,38557451.52685335,0.02307748081026662,0.9508357294327082,0.7075664851396575,0.2432692442930509,0.257102426369892,-0.2432692442930509,-0.2473179558411997
ablate new information,R2 selection,predicted_top10,300,0.1,173589491.31775746,0.10389711965168408,0.7316986978754093,0.7381446288619314,0.1491968647761192,0.2154378819313514,0.006445930986522185,0.02477072315781877
ablate new information,R2 selection,realized_le20,417,0.139,204417667.10736388,0.12234845932865125,0.13506342178268926,0.33888842215832343,0.20713323858977756,0.26671422220856095,0.2038250003756341,0.20651346534927703
