scenario,model,n,actual_shift,forecast_shift,nonpositive_response_share
collateral,A V5 H,3000,0.03151428629101812,0.0,1.0
collateral,GB enhanced R2,3000,0.03151428629101812,0.0,1.0
collateral,two-stage enhanced R2,3000,0.03151428629101812,0.0,1.0
collateral,component R2,3000,0.03151428629101812,0.0,1.0
guarantee,A V5 H,3000,0.012609122289913045,0.0,1.0
guarantee,GB enhanced R2,3000,0.012609122289913045,0.0,1.0
guarantee,two-stage enhanced R2,3000,0.012609122289913045,0.0,1.0
guarantee,component R2,3000,0.012609122289913045,0.0,1.0
recovery,A V5 H,3000,0.02865877000039162,0.0,1.0
recovery,GB enhanced R2,3000,0.02865877000039162,0.0,1.0
recovery,two-stage enhanced R2,3000,0.02865877000039162,0.0,1.0
recovery,component R2,3000,0.02865877000039162,0.0,1.0
timing,A V5 H,3000,0.030064122511918402,0.0,1.0
timing,GB enhanced R2,3000,0.030064122511918402,0.0,1.0
timing,two-stage enhanced R2,3000,0.030064122511918402,0.0,1.0
timing,component R2,3000,0.030064122511918402,0.0,1.0
cost,A V5 H,3000,0.03707082977898463,0.0,1.0
cost,GB enhanced R2,3000,0.03707082977898463,0.0,1.0
cost,two-stage enhanced R2,3000,0.03707082977898463,0.0,1.0
cost,component R2,3000,0.03707082977898463,0.0,1.0
combined,A V5 H,3000,0.254172610932718,0.0,1.0
combined,GB enhanced R2,3000,0.254172610932718,0.12239601378220748,0.21766666666666667
combined,two-stage enhanced R2,3000,0.254172610932718,0.12544062769093925,0.21766666666666667
combined,component R2,3000,0.254172610932718,0.1039303373786723,0.21766666666666667
