cohort,scenario,band,n,clusters,prediction,actual,conditional,expected_error,realization_component,support_failures,collateral,guarantees,products,industries,regimes
current,baseline,0.0,509,7,0.13494152644195498,0.13946785468124853,0.14191769125291484,-0.0069761648109598565,0.002449836571666305,0,"{""Cash"":465,""Mortgage"":37,""Other"":6,""Unsecured"":1}","{""0.0"":323,""0.15"":17,""0.35"":33,""0.55"":40,""0.8"":48,""1.0"":48}","{""Term Loan"":251,""OVD"":150,""Import LC"":43,""Performance Guarantee"":42,""Financial Guarantee"":23}","{""Manufacturing"":118,""Services"":106,""Retail"":78,""Technology"":78,""Construction"":52,""Transport"":41,""Hospitality"":36}","{""1"":313,""0"":196}"
current,baseline,0.2,1404,7,0.3155194853759791,0.3242862143357602,0.3213647409263716,-0.00584525555039243,-0.002921473409388594,0,"{""Mortgage"":757,""Cash"":372,""Other"":174,""Unsecured"":101}","{""0.0"":914,""0.15"":45,""0.35"":67,""0.55"":85,""0.8"":154,""1.0"":139}","{""Term Loan"":895,""OVD"":319,""Import LC"":83,""Performance Guarantee"":68,""Financial Guarantee"":39}","{""Manufacturing"":463,""Services"":227,""Technology"":223,""Retail"":158,""Construction"":138,""Hospitality"":108,""Transport"":87}","{""1"":718,""0"":686}"
current,baseline,0.4,3747,7,0.5092575852127731,0.5109984429241482,0.5116790418809428,-0.002421456668169756,0.0006805989567946554,0,"{""Mortgage"":1798,""Unsecured"":1019,""Other"":925,""Cash"":5}","{""0.0"":2822,""0.15"":165,""0.35"":219,""0.55"":222,""0.8"":177,""1.0"":142}","{""Term Loan"":1692,""OVD"":1235,""Import LC"":383,""Performance Guarantee"":277,""Financial Guarantee"":160}","{""Services"":887,""Manufacturing"":820,""Retail"":605,""Construction"":488,""Transport"":330,""Technology"":318,""Hospitality"":299}","{""1"":2609,""0"":1138}"
current,baseline,0.6,2738,7,0.6788867196832014,0.6708701185119096,0.6719861281094575,0.0069005915737438885,0.00111600959754796,0,"{""Unsecured"":1734,""Other"":553,""Mortgage"":451}","{""0.0"":2563,""0.15"":122,""0.35"":45,""0.55"":8}","{""OVD"":1045,""Term Loan"":1038,""Import LC"":289,""Performance Guarantee"":239,""Financial Guarantee"":127}","{""Services"":826,""Retail"":666,""Transport"":371,""Construction"":368,""Manufacturing"":260,""Hospitality"":222,""Technology"":25}","{""1"":2453,""0"":285}"
current,baseline,0.8,297,5,0.8343600946191062,0.7909509154517139,0.7981381328450147,0.03622196177409151,0.007187217393300856,0,"{""Unsecured"":275,""Other"":16,""Mortgage"":6}","{""0.0"":293,""0.15"":4}","{""Term Loan"":115,""OVD"":99,""Import LC"":33,""Performance Guarantee"":32,""Financial Guarantee"":18}","{""Retail"":122,""Services"":82,""Transport"":59,""Construction"":31,""Hospitality"":3}","{""1"":297}"
current,downside,0.0,399,7,0.14375945748270236,0.14257167924394695,0.14755401489414594,-0.0037945574114435932,0.004982335650198983,0,"{""Cash"":393,""Mortgage"":5,""Other"":1}","{""0.0"":252,""0.15"":14,""0.35"":26,""0.55"":33,""0.8"":39,""1.0"":35}","{""Term Loan"":188,""OVD"":127,""Import LC"":35,""Performance Guarantee"":31,""Financial Guarantee"":18}","{""Services"":92,""Manufacturing"":85,""Retail"":61,""Technology"":61,""Construction"":47,""Hospitality"":29,""Transport"":24}","{""1"":253,""0"":146}"
current,downside,0.2,947,7,0.30954154401771006,0.31899660390170514,0.3179578157304221,-0.008416271712712005,-0.0010387881712830551,0,"{""Cash"":441,""Mortgage"":401,""Other"":71,""Unsecured"":34}","{""0.0"":639,""0.15"":24,""0.35"":37,""0.55"":51,""0.8"":99,""1.0"":97}","{""Term Loan"":588,""OVD"":210,""Import LC"":63,""Performance Guarantee"":53,""Financial Guarantee"":33}","{""Manufacturing"":293,""Technology"":149,""Services"":140,""Retail"":136,""Construction"":90,""Transport"":80,""Hospitality"":59}","{""1"":505,""0"":442}"
current,downside,0.4,3074,7,0.515322103123781,0.5282937228300869,0.5311085920231234,-0.0157864888993425,0.002814869193036598,0,"{""Mortgage"":1742,""Other"":697,""Unsecured"":627,""Cash"":8}","{""0.0"":2073,""0.15"":131,""0.35"":193,""0.55"":239,""0.8"":241,""1.0"":197}","{""Term Loan"":1542,""OVD"":960,""Import LC"":265,""Performance Guarantee"":204,""Financial Guarantee"":103}","{""Manufacturing"":730,""Services"":682,""Retail"":436,""Construction"":403,""Technology"":326,""Hospitality"":256,""Transport"":241}","{""1"":2018,""0"":1056}"
current,downside,0.6,3445,7,0.6930366553679472,0.6972065787377356,0.6940439773366911,-0.0010073219687438686,-0.0031626014010445475,0,"{""Unsecured"":1747,""Mortgage"":871,""Other"":827}","{""0.0"":3140,""0.15"":165,""0.35"":108,""0.55"":32}","{""Term Loan"":1360,""OVD"":1257,""Import LC"":369,""Performance Guarantee"":287,""Financial Guarantee"":172}","{""Services"":951,""Retail"":752,""Manufacturing"":543,""Construction"":450,""Transport"":358,""Hospitality"":283,""Technology"":108}","{""1"":2794,""0"":651}"
current,downside,0.8,830,6,0.8494120111323787,0.818677514802572,0.8245760921058664,0.024835919026512502,0.0058985773032941505,0,"{""Unsecured"":722,""Other"":78,""Mortgage"":30}","{""0.0"":811,""0.15"":19}","{""Term Loan"":313,""OVD"":294,""Import LC"":99,""Performance Guarantee"":83,""Financial Guarantee"":41}","{""Services"":263,""Retail"":244,""Transport"":185,""Construction"":87,""Hospitality"":41,""Manufacturing"":10}","{""1"":820,""0"":10}"
current,upside,0.0,599,7,0.13381023542412201,0.14457869381134536,0.1448007185088221,-0.010990483084700076,0.00022202469747669635,0,"{""Cash"":531,""Mortgage"":59,""Other"":8,""Unsecured"":1}","{""0.0"":384,""0.15"":21,""0.35"":39,""0.55"":44,""0.8"":57,""1.0"":54}","{""Term Loan"":300,""OVD"":170,""Import LC"":49,""Performance Guarantee"":49,""Financial Guarantee"":31}","{""Manufacturing"":142,""Services"":123,""Retail"":101,""Technology"":89,""Construction"":65,""Transport"":42,""Hospitality"":37}","{""1"":368,""0"":231}"
current,upside,0.2,1759,7,0.3189180607320156,0.3278409661066622,0.3288150639813185,-0.009897003249302797,0.0009740978746563023,0,"{""Mortgage"":1030,""Cash"":306,""Other"":259,""Unsecured"":164}","{""0.0"":1112,""0.15"":63,""0.35"":86,""0.55"":123,""0.8"":184,""1.0"":191}","{""Term Loan"":1091,""OVD"":414,""Import LC"":128,""Performance Guarantee"":87,""Financial Guarantee"":39}","{""Manufacturing"":547,""Services"":269,""Technology"":258,""Construction"":218,""Retail"":199,""Hospitality"":153,""Transport"":115}","{""1"":954,""0"":805}"
current,upside,0.4,3994,7,0.5052233606674684,0.5085358107946368,0.511441526884886,-0.006218166217417587,0.0029057160902491133,0,"{""Mortgage"":1662,""Unsecured"":1326,""Other"":1001,""Cash"":5}","{""0.0"":3197,""0.15"":174,""0.35"":214,""0.55"":187,""0.8"":138,""1.0"":84}","{""Term Loan"":1736,""OVD"":1372,""Import LC"":393,""Performance Guarantee"":310,""Financial Guarantee"":183}","{""Services"":988,""Manufacturing"":843,""Retail"":688,""Construction"":519,""Transport"":351,""Hospitality"":316,""Technology"":289}","{""1"":2862,""0"":1132}"
current,upside,0.6,2232,7,0.6752114872940709,0.6686770973430635,0.6689484289430656,0.0062630583510053205,0.0002713316000020692,0,"{""Unsecured"":1537,""Other"":399,""Mortgage"":296}","{""0.0"":2111,""0.15"":95,""0.35"":25,""0.55"":1}","{""OVD"":855,""Term Loan"":825,""Import LC"":246,""Performance Guarantee"":198,""Financial Guarantee"":108}","{""Services"":709,""Retail"":602,""Transport"":351,""Construction"":271,""Hospitality"":162,""Manufacturing"":129,""Technology"":8}","{""1"":2095,""0"":137}"
current,upside,0.8,111,4,0.828900319799174,0.8110820958728485,0.7982845551683037,0.03061576463087031,-0.012797540704544558,0,"{""Unsecured"":102,""Other"":7,""Mortgage"":2}","{""0.0"":111}","{""Term Loan"":39,""OVD"":37,""Import LC"":15,""Performance Guarantee"":14,""Financial Guarantee"":6}","{""Services"":39,""Retail"":39,""Transport"":29,""Construction"":4}","{""1"":111}"
promotion,baseline,0.0,434,77,0.1355474207513448,0.13714579551782813,0.13479818773165544,0.0007492330196893469,-0.002347607786172664,4,"{""Cash"":376,""Mortgage"":49,""Other"":7,""Unsecured"":2}","{""0.0"":286,""0.15"":20,""0.35"":23,""0.55"":29,""0.8"":35,""1.0"":41}","{""Term Loan"":238,""OVD"":130,""Import LC"":30,""Performance Guarantee"":25,""Financial Guarantee"":11}","{""Services"":112,""Retail"":89,""Manufacturing"":82,""Construction"":52,""Transport"":44,""Hospitality"":30,""Technology"":25}","{""0"":299,""1"":135}"
promotion,baseline,0.2,1252,84,0.31288286749403094,0.305755946538424,0.306943453644862,0.005939413849169,0.0011875071064380086,16,"{""Mortgage"":684,""Cash"":217,""Other"":209,""Unsecured"":142}","{""0.0"":803,""0.15"":47,""0.35"":58,""0.55"":87,""0.8"":119,""1.0"":138}","{""Term Loan"":771,""OVD"":302,""Import LC"":86,""Performance Guarantee"":56,""Financial Guarantee"":37}","{""Services"":307,""Manufacturing"":248,""Retail"":245,""Construction"":128,""Transport"":116,""Technology"":113,""Hospitality"":95}","{""0"":993,""1"":259}"
promotion,baseline,0.4,2704,84,0.5038194211204644,0.5094375958919809,0.5045338293302197,-0.0007144082097552869,-0.0049037665617612195,14,"{""Mortgage"":1036,""Unsecured"":934,""Other"":732,""Cash"":2}","{""0.0"":2184,""0.15"":126,""0.35"":137,""0.55"":132,""0.8"":71,""1.0"":54}","{""Term Loan"":1174,""OVD"":950,""Import LC"":259,""Performance Guarantee"":206,""Financial Guarantee"":115}","{""Services"":682,""Retail"":554,""Manufacturing"":481,""Construction"":320,""Transport"":282,""Technology"":199,""Hospitality"":186}","{""0"":1748,""1"":956}"
promotion,baseline,0.6,1424,78,0.6757844152700413,0.6648231840965195,0.6732082307250493,0.0025761845449920316,0.008385046628529687,1,"{""Unsecured"":896,""Other"":283,""Mortgage"":245}","{""0.0"":1339,""0.15"":46,""0.35"":31,""0.55"":8}","{""Term Loan"":555,""OVD"":545,""Import LC"":147,""Performance Guarantee"":112,""Financial Guarantee"":65}","{""Services"":339,""Retail"":275,""Manufacturing"":262,""Construction"":203,""Transport"":139,""Technology"":110,""Hospitality"":96}","{""1"":975,""0"":449}"
promotion,baseline,0.8,186,33,0.841340842327399,0.7957841036506936,0.8150757739756225,0.026265068351776586,0.019291670324928886,0,"{""Unsecured"":171,""Other"":8,""Mortgage"":7}","{""0.0"":183,""0.15"":3}","{""Term Loan"":76,""OVD"":65,""Performance Guarantee"":21,""Import LC"":16,""Financial Guarantee"":8}","{""Services"":52,""Manufacturing"":31,""Construction"":25,""Technology"":23,""Retail"":19,""Transport"":18,""Hospitality"":18}","{""1"":180,""0"":6}"
promotion,downside,0.0,319,73,0.13815125620126473,0.12965509941824901,0.13127065578400512,0.0068806004172596216,0.001615556365756123,3,"{""Cash"":303,""Mortgage"":11,""Other"":3,""Unsecured"":2}","{""0.0"":212,""0.15"":15,""0.35"":20,""0.55"":23,""0.8"":25,""1.0"":24}","{""Term Loan"":166,""OVD"":104,""Import LC"":23,""Performance Guarantee"":18,""Financial Guarantee"":8}","{""Services"":84,""Retail"":73,""Manufacturing"":59,""Construction"":34,""Transport"":29,""Technology"":21,""Hospitality"":19}","{""0"":220,""1"":99}"
promotion,downside,0.2,878,83,0.3108418214262005,0.30799577077578094,0.3044642167637884,0.006377604662412087,-0.0035315540119925785,19,"{""Mortgage"":426,""Cash"":287,""Other"":109,""Unsecured"":56}","{""0.0"":572,""0.15"":31,""0.35"":33,""0.55"":53,""0.8"":80,""1.0"":109}","{""Term Loan"":560,""OVD"":196,""Import LC"":56,""Performance Guarantee"":44,""Financial Guarantee"":22}","{""Services"":239,""Manufacturing"":175,""Retail"":162,""Transport"":89,""Construction"":88,""Technology"":69,""Hospitality"":56}","{""0"":679,""1"":199}"
promotion,downside,0.4,2259,84,0.5127715200257214,0.5120750668844343,0.515451664650068,-0.002680144624346695,0.003376597765633622,64,"{""Mortgage"":1079,""Other"":604,""Unsecured"":571,""Cash"":5}","{""0.0"":1665,""0.15"":102,""0.35"":125,""0.55"":149,""0.8"":118,""1.0"":100}","{""Term Loan"":1098,""OVD"":743,""Import LC"":181,""Performance Guarantee"":148,""Financial Guarantee"":89}","{""Services"":562,""Retail"":446,""Manufacturing"":412,""Construction"":254,""Transport"":222,""Technology"":189,""Hospitality"":174}","{""0"":1571,""1"":688}"
promotion,downside,0.6,2054,84,0.6856281380139505,0.684909433700478,0.6843189497421087,0.0013091882718418183,-0.0005904839583693722,148,"{""Unsecured"":1092,""Other"":481,""Mortgage"":481}","{""0.0"":1865,""0.15"":85,""0.35"":71,""0.55"":31,""0.8"":2}","{""Term Loan"":789,""OVD"":776,""Import LC"":230,""Performance Guarantee"":162,""Financial Guarantee"":97}","{""Services"":482,""Retail"":416,""Manufacturing"":383,""Construction"":283,""Transport"":205,""Technology"":149,""Hospitality"":136}","{""1"":1097,""0"":957}"
promotion,downside,0.8,489,55,0.8526569732811391,0.8306157250319731,0.8311480393653444,0.021508933915794698,0.0005323143333712374,92,"{""Unsecured"":423,""Other"":42,""Mortgage"":24}","{""0.0"":480,""0.15"":9}","{""Term Loan"":200,""OVD"":173,""Import LC"":48,""Performance Guarantee"":48,""Financial Guarantee"":20}","{""Services"":124,""Retail"":85,""Manufacturing"":75,""Construction"":69,""Transport"":54,""Technology"":42,""Hospitality"":40}","{""1"":421,""0"":68}"
promotion,upside,0.0,490,80,0.1348649837117479,0.13677617306427461,0.13577889449016686,-0.0009139107784189811,-0.0009972785741077636,8,"{""Cash"":403,""Mortgage"":74,""Other"":11,""Unsecured"":2}","{""0.0"":328,""0.15"":20,""0.35"":24,""0.55"":30,""0.8"":43,""1.0"":45}","{""Term Loan"":273,""OVD"":142,""Import LC"":32,""Performance Guarantee"":28,""Financial Guarantee"":15}","{""Services"":132,""Retail"":101,""Manufacturing"":93,""Construction"":55,""Transport"":48,""Technology"":31,""Hospitality"":30}","{""0"":342,""1"":148}"
promotion,upside,0.2,1428,84,0.31391870274090716,0.30723699029361046,0.30793640856637555,0.005982294174531677,0.0006994182727650306,38,"{""Mortgage"":790,""Other"":261,""Cash"":192,""Unsecured"":185}","{""0.0"":914,""0.15"":59,""0.35"":69,""0.55"":109,""0.8"":128,""1.0"":149}","{""Term Loan"":850,""OVD"":363,""Import LC"":99,""Performance Guarantee"":73,""Financial Guarantee"":43}","{""Services"":349,""Retail"":281,""Manufacturing"":281,""Construction"":147,""Transport"":137,""Technology"":127,""Hospitality"":106}","{""0"":1107,""1"":321}"
promotion,upside,0.4,2836,84,0.5013596531393517,0.5018335974135764,0.5009475991546676,0.00041205398468408005,-0.0008859982589086868,34,"{""Unsecured"":1089,""Mortgage"":992,""Other"":755}","{""0.0"":2368,""0.15"":124,""0.35"":137,""0.55"":114,""0.8"":54,""1.0"":39}","{""Term Loan"":1193,""OVD"":1026,""Import LC"":282,""Performance Guarantee"":209,""Financial Guarantee"":126}","{""Services"":693,""Retail"":579,""Manufacturing"":507,""Construction"":360,""Transport"":292,""Technology"":213,""Hospitality"":192}","{""0"":1760,""1"":1076}"
promotion,upside,0.6,1145,74,0.6746958573603077,0.6762828054901668,0.6711745275389424,0.003521329821365421,-0.005108277951224578,1,"{""Unsecured"":774,""Other"":209,""Mortgage"":162}","{""0.0"":1086,""0.15"":37,""0.35"":19,""0.55"":3}","{""Term Loan"":457,""OVD"":430,""Import LC"":112,""Performance Guarantee"":99,""Financial Guarantee"":47}","{""Services"":291,""Retail"":215,""Manufacturing"":204,""Construction"":156,""Transport"":112,""Technology"":84,""Hospitality"":83}","{""1"":859,""0"":286}"
promotion,upside,0.8,101,25,0.8388611938664317,0.829475898207003,0.8090352754821033,0.029825918384328055,-0.020440622724899275,0,"{""Unsecured"":95,""Mortgage"":3,""Other"":3}","{""0.0"":99,""0.15"":2}","{""Term Loan"":41,""OVD"":31,""Import LC"":13,""Performance Guarantee"":11,""Financial Guarantee"":5}","{""Services"":27,""Manufacturing"":19,""Technology"":15,""Hospitality"":14,""Transport"":10,""Construction"":10,""Retail"":6}","{""1"":101}"
