cohort,scenario,original_band,n,r1_bias,calibrated_bias
current,baseline,0.0,509,-0.0069761648109598565,0.001796019742164895
current,baseline,0.2,1404,-0.00584525555039243,-0.010444351962137414
current,baseline,0.4,3747,-0.002421456668169756,-0.0031540426518953286
current,baseline,0.6,2738,0.0069005915737438885,-0.0013349598131305893
current,baseline,0.8,297,0.03622196177409151,-0.0212828927973064
current,downside,0.0,399,-0.0037945574114435932,0.001677773127675607
current,downside,0.2,947,-0.008416271712712005,-0.013403620630665759
current,downside,0.4,3074,-0.0157864888993425,-0.016409187618513957
current,downside,0.6,3445,-0.0010073219687438686,-0.010888585154161811
current,downside,0.8,830,0.024835919026512502,-0.04582522206618001
current,upside,0.0,599,-0.010990483084700076,-0.0006703453229087993
current,upside,0.2,1759,-0.009897003249302797,-0.014355578711776722
current,upside,0.4,3994,-0.006218166217417587,-0.006491545848225676
current,upside,0.6,2232,0.0062630583510053205,-0.0018218532990829529
current,upside,0.8,111,0.03061576463087031,-0.022304648964693176
promotion,baseline,0.0,434,0.0007492330196893469,0.011856946128714543
promotion,baseline,0.2,1252,0.005939413849169,0.0012610526013880471
promotion,baseline,0.4,2704,-0.0007144082097552869,-0.0010156207487971366
promotion,baseline,0.6,1424,0.0025761845449920316,-0.005616412196372957
promotion,baseline,0.8,186,0.026265068351776586,-0.03703951630266628
promotion,downside,0.0,319,0.0068806004172596216,0.015679388155044622
promotion,downside,0.2,878,0.006377604662412087,0.001707611359250655
promotion,downside,0.4,2259,-0.002680144624346695,-0.0032124632075416814
promotion,downside,0.6,2054,0.0013091882718418183,-0.007761127787682227
promotion,downside,0.8,489,0.021508933915794698,-0.052455649104857234
promotion,upside,0.0,490,-0.0009139107784189811,0.011042393640990423
promotion,upside,0.2,1428,0.005982294174531677,0.0012709258937445421
promotion,upside,0.4,2836,0.00041205398468408005,-0.00018536877447592858
promotion,upside,0.6,1145,0.003521329821365421,-0.004585347156171944
promotion,upside,0.8,101,0.029825918384328055,-0.03135719680136691
