facility_id,collateral_type,guarantee_coverage,conditional_original,conditional_shifted_quality,shift
s2r1-development-development-SME00001-000001-0,Other,1.0,0.17729672617924425,0.20424528083135024,0.026948554652105994
s2r1-development-development-SME00003-000006-0,Unsecured,1.0,0.198269372039876,0.22324914419940609,0.024979772159530095
s2r1-development-development-SME00023-000046-0,Mortgage,1.0,0.24419056069645564,0.245338542503307,0.0011479818068513559
s2r1-development-development-SME00051-000091-0,Mortgage,1.0,0.39503700008439746,0.4311127074035694,0.036075707319171924
s2r1-development-development-SME00084-000144-0,Cash,1.0,0.03750865700610961,0.04142653777126293,0.003917880765153321
s2r1-development-development-SME00100-000170-0,Other,1.0,0.5240338399129318,0.5678551655624396,0.0438213256495078
s2r1-development-development-SME00109-000184-0,Unsecured,1.0,0.31525199391213976,0.3514871545841062,0.036235160671966415
s2r1-development-development-SME00185-000323-0,Mortgage,1.0,0.2822964968417997,0.3174627441891511,0.03516624734735141
s2r1-development-development-SME00193-000336-0,Cash,1.0,0.07222829745995832,0.07885394433911247,0.006625646879154151
s2r1-development-development-SME00221-000382-0,Mortgage,1.0,0.30136745620250904,0.310844385460828,0.009476929258318945
s2r1-development-development-SME00229-000397-0,Mortgage,1.0,0.2895462288274723,0.33000813372269366,0.04046190489522139
s2r1-development-development-SME00273-000468-0,Mortgage,1.0,0.39874415937170865,0.44737831594045496,0.04863415656874631
s2r1-development-development-SME00279-000480-0,Mortgage,1.0,0.2446783959742025,0.25351222666211515,0.008833830687912658
s2r1-development-development-SME00290-000504-0,Cash,1.0,0.08380152144781557,0.08868215925747797,0.0048806378096624
s2r1-development-development-SME00298-000517-0,Mortgage,1.0,0.2350026040744806,0.24961410658679367,0.01461150251231308
s2r1-development-development-SME00311-000547-0,Mortgage,1.0,0.2211618027783187,0.2217294975080354,0.0005676947297166834
s2r1-development-development-SME00327-000573-0,Other,1.0,0.21122543492914836,0.24833532906674768,0.037109894137599325
s2r1-development-development-SME00337-000591-0,Unsecured,1.0,0.3326141550783024,0.3609063451440308,0.028292190065728418
s2r1-development-development-SME00345-000605-0,Mortgage,1.0,0.21641271933370287,0.21950702275829637,0.003094303424593492
s2r1-development-development-SME00379-000668-0,Unsecured,1.0,0.3938387146472224,0.4241835839751281,0.0303448693279057
s2r1-development-development-SME00380-000672-0,Mortgage,1.0,0.33881746261096934,0.35645277738637604,0.017635314775406696
s2r1-development-development-SME00427-000753-0,Mortgage,1.0,0.5639392142961468,0.6012130903251576,0.03727387602901078
s2r1-development-development-SME00455-000812-0,Unsecured,1.0,0.32406146112333245,0.35520672516267243,0.03114526403933998
s2r1-development-development-SME00463-000827-0,Cash,1.0,0.07575621550545045,0.07645456396078495,0.0006983484553345076
s2r1-development-development-SME00468-000836-0,Other,1.0,0.1487259071827589,0.1824402531857212,0.0337143460029623
s2r1-development-development-SME00475-000846-0,Unsecured,1.0,0.23803581091058099,0.2843581939185966,0.04632238300801564
s2r1-development-development-SME00485-000866-0,Unsecured,1.0,0.23996381069423364,0.2782022390571434,0.03823842836290978
s2r1-development-development-SME00491-000875-0,Unsecured,1.0,0.5564253639036711,0.5900584195515576,0.033633055647886434
s2r1-development-development-SME00492-000877-0,Unsecured,1.0,0.48487784274424417,0.518089235688406,0.033211392944161866
s2r1-development-development-SME00493-000878-0,Mortgage,1.0,0.24250512589427153,0.24802405449107234,0.0055189285968008095
s2r1-development-development-SME00530-000940-0,Other,1.0,0.4462752763772608,0.482982042408755,0.0367067660314942
s2r1-development-development-SME00555-000987-0,Other,1.0,0.3581694873140162,0.39810898474440914,0.039939497430392934
s2r1-development-development-SME00557-000992-0,Other,1.0,0.20074813040274136,0.22951094784601495,0.02876281744327358
s2r1-development-development-SME00565-001004-0,Mortgage,1.0,0.219008887487518,0.23464040840194061,0.015631520914422603
s2r1-development-development-SME00575-001022-0,Mortgage,1.0,0.2810105244041775,0.28587396292167977,0.004863438517502261
s2r1-development-development-SME00600-001073-0,Mortgage,1.0,0.2430584178996292,0.27756915382571645,0.03451073592608725
s2r1-development-development-SME00609-001093-0,Mortgage,1.0,0.1908269379966842,0.19201141552977155,0.0011844775330873414
s2r1-development-development-SME00636-001140-0,Unsecured,1.0,0.6329842463164872,0.6634388482681587,0.03045460195167149
s2r1-development-development-SME00639-001145-0,Other,1.0,0.22699192807708468,0.26577581148628104,0.03878388340919636
s2r1-development-development-SME00679-001214-0,Mortgage,1.0,0.2415827165538386,0.25906934011775806,0.017486623563919473
s2r1-development-development-SME00687-001226-0,Unsecured,1.0,0.5045778530965608,0.5404827280079482,0.035904874911387386
s2r1-development-development-SME00732-001304-0,Unsecured,1.0,0.3800447526896612,0.4137170107889796,0.0336722580993184
s2r1-development-development-SME00779-001379-0,Cash,1.0,0.06564200380808524,0.06583376204149347,0.0001917582334082235
s2r1-development-development-SME00783-001386-0,Unsecured,1.0,0.2732995292210081,0.2936773068229434,0.02037777760193532
s2r1-development-development-SME00790-001398-0,Mortgage,1.0,0.21673703947810802,0.2450324564208049,0.028295416942696883
s2r1-development-development-SME00804-001421-0,Mortgage,1.0,0.31550309017378253,0.3631985762821852,0.047695486108402685
s2r1-development-development-SME00805-001424-0,Mortgage,1.0,0.4419054145648656,0.4833718775136062,0.04146646294874062
s2r1-development-development-SME00820-001449-0,Unsecured,1.0,0.19031295106909074,0.22063160135476836,0.030318650285677623
s2r1-development-development-SME00824-001456-0,Unsecured,1.0,0.5609994210283411,0.5923521455724902,0.03135272454414906
s2r1-development-development-SME00842-001488-0,Mortgage,1.0,0.2486674770477345,0.24898423946505038,0.0003167624173158745
s2r1-development-development-SME00847-001496-0,Mortgage,1.0,0.32107366761906997,0.331527663405459,0.010453995786389059
s2r1-development-development-SME00852-001503-0,Unsecured,1.0,0.46608874865780475,0.5030776884623851,0.036988939804580345
s2r1-development-development-SME00878-001538-0,Unsecured,1.0,0.5444619976770582,0.5786829267067235,0.03422092902966534
s2r1-development-development-SME00918-001603-0,Unsecured,1.0,0.24863366572225837,0.2887393291874758,0.040105663465217434
s2r1-development-development-SME00975-001698-0,Unsecured,1.0,0.5068631889853912,0.5391061204973189,0.0322429315119277
s2r1-development-development-SME01001-001744-0,Other,1.0,0.1586874200316546,0.17489984339215806,0.016212423360503464
s2r1-development-development-SME01027-001791-0,Other,1.0,0.43502728140175007,0.4643727509208384,0.02934546951908834
s2r1-development-development-SME01032-001798-0,Mortgage,1.0,0.23693206464694833,0.2380744452999181,0.0011423806529697877
s2r1-development-development-SME01050-001826-0,Mortgage,1.0,0.18380824339271562,0.20805582341970516,0.02424758002698954
s2r1-development-development-SME01054-001833-0,Other,1.0,0.16632477129356527,0.21709148905233397,0.050766717758768704
s2r1-development-development-SME01057-001837-0,Unsecured,1.0,0.3178863127508946,0.3591266447286286,0.041240331977734024
s2r1-development-development-SME01096-001899-0,Unsecured,1.0,0.3523056934371245,0.391753934403315,0.03944824096619054
s2r1-development-development-SME01113-001927-0,Unsecured,1.0,0.2915307653028983,0.3234879526882561,0.0319571873853578
s2r1-development-development-SME01123-001940-0,Other,1.0,0.4040607571812683,0.43990290938456983,0.0358421522033015
s2r1-development-development-SME01140-001969-0,Unsecured,1.0,0.4825172935372032,0.5178148714968849,0.03529757795968169
s2r1-development-development-SME01165-002010-0,Unsecured,1.0,0.20798907037282077,0.24569872439088242,0.037709654018061645
s2r1-development-development-SME01191-002055-0,Mortgage,1.0,0.3789814751427802,0.41267590457536907,0.03369442943258888
s2r1-development-development-SME01192-002056-0,Other,1.0,0.2502582237242704,0.29224126693092917,0.04198304320665874
s2r1-development-development-SME01194-002061-0,Mortgage,1.0,0.15868894646181225,0.15868894646181225,0.0
s2r1-development-development-SME01230-002117-0,Mortgage,1.0,0.2321998820650291,0.2323799274660079,0.00018004540097882327
s2r1-development-development-SME01273-002192-0,Mortgage,1.0,0.3139712676185502,0.31553338453401364,0.0015621169154634296
s2r1-development-development-SME01288-002217-0,Unsecured,1.0,0.30375160529488465,0.32997182517444157,0.026220219879556916
s2r1-development-development-SME01293-002224-0,Unsecured,1.0,0.2757779965696934,0.3132608727542307,0.03748287618453733
s2r1-development-development-SME01296-002229-0,Unsecured,1.0,0.45377695032430576,0.48731982226552223,0.03354287194121647
s2r1-development-development-SME01311-002258-0,Mortgage,1.0,0.3706975828836995,0.3991495922155575,0.02845200933185804
s2r1-development-development-SME01326-002284-0,Unsecured,1.0,0.1697599515068377,0.20311396610877192,0.03335401460193421
s2r1-development-development-SME01327-002287-0,Mortgage,1.0,0.20263287849216927,0.2103147769655806,0.0076818984734113305
s2r1-development-development-SME01330-002292-0,Unsecured,1.0,0.3766992781675701,0.40963307202472676,0.03293379385715667
s2r1-development-development-SME01346-002325-0,Cash,1.0,0.053372626091491945,0.053447246510837765,7.462041934581942e-05
s2r1-development-development-SME01379-002385-0,Unsecured,1.0,0.1536600578001448,0.1892175124178917,0.0355574546177469
s2r1-development-development-SME01419-002449-0,Mortgage,1.0,0.3720373706343038,0.39301859933488525,0.020981228700581445
s2r1-development-development-SME01427-002461-0,Other,1.0,0.24235404225804652,0.2769160676021926,0.0345620253441461
s2r1-development-development-SME01431-002469-0,Mortgage,1.0,0.24116486884150196,0.24126835115295323,0.00010348231145126952
s2r1-development-development-SME01472-002532-0,Other,1.0,0.3036609133440677,0.35029551830604033,0.04663460496197264
s2r1-development-development-SME01482-002551-0,Cash,1.0,0.057242181587117344,0.06791502006449561,0.010672838477378266
s2r1-development-development-SME01489-002563-0,Other,1.0,0.16350236432838489,0.19526200095531013,0.03175963662692524
s2r1-development-development-SME01489-002564-0,Other,1.0,0.14028291600649068,0.14669265929596972,0.006409743289479047
s2r1-development-development-SME01493-002569-0,Mortgage,1.0,0.25380922371631354,0.2540121492734981,0.0002029255571845412
s2r1-development-development-SME01515-002603-0,Mortgage,1.0,0.1892307536378966,0.21532985729778595,0.02609910365988935
s2r1-development-development-SME01526-002619-0,Mortgage,1.0,0.18576827346234748,0.18584315442854785,7.48809662003691e-05
s2r1-development-development-SME01538-002641-0,Unsecured,1.0,0.4544984936355938,0.49226410939703236,0.037765615761438553
s2r1-development-development-SME01562-002682-0,Cash,1.0,0.0842140269459285,0.086780162165018,0.0025661352190894937
s2r1-development-development-SME01598-002741-0,Unsecured,1.0,0.3077095616537447,0.33239155487596106,0.02468199322221637
s2r1-development-development-SME01617-002770-0,Unsecured,1.0,0.38081776591549943,0.42075249834372574,0.039934732428226316
s2r1-development-development-SME01621-002780-0,Unsecured,1.0,0.28024033020018735,0.3228863188691027,0.042645988668915336
s2r1-development-development-SME01655-002837-0,Mortgage,1.0,0.2645805251168408,0.26836292778948845,0.0037824026726476223
s2r1-development-development-SME01660-002845-0,Other,1.0,0.36296990150693415,0.4064109643488371,0.043441062841902967
s2r1-development-development-SME01674-002865-0,Mortgage,1.0,0.20998974169163728,0.21009841173547786,0.00010867004384057521
s2r1-development-development-SME01680-002875-0,Other,1.0,0.17067103105772463,0.2032605491264016,0.032589518068676965
s2r1-development-development-SME01689-002891-0,Mortgage,1.0,0.35908013646012993,0.38620565896790315,0.027125522507773225
s2r1-development-development-SME01691-002895-0,Mortgage,1.0,0.3634529953292541,0.39447822572692515,0.031025230397671022
s2r1-development-development-SME01701-002913-0,Other,1.0,0.36440971476877215,0.40351168347612054,0.03910196870734839
s2r1-development-development-SME01709-002926-0,Unsecured,1.0,0.4102818193250577,0.43417387383762907,0.02389205451257137
s2r1-development-development-SME01754-003008-0,Mortgage,1.0,0.28670499422763096,0.3008134391494468,0.014108444921815844
s2r1-development-development-SME01759-003018-0,Cash,1.0,0.07014910244312675,0.07632034486426108,0.006171242421134329
s2r1-development-development-SME01788-003067-0,Mortgage,1.0,0.3136639795137345,0.3382112370956005,0.024547257581866044
s2r1-development-development-SME01794-003077-0,Mortgage,1.0,0.25411148350129853,0.2541477462959484,3.6262794649855046e-05
s2r1-development-development-SME01809-003104-0,Other,1.0,0.1749243701116484,0.1909493078157861,0.01602493770413768
s2r1-development-development-SME01827-003135-0,Other,1.0,0.3986497787402955,0.44557627803377686,0.04692649929348136
s2r1-development-development-SME01844-003165-0,Cash,1.0,0.07526064108818745,0.12300953681622674,0.047748895728039295
s2r1-development-development-SME01855-003189-0,Unsecured,1.0,0.386170205481157,0.41697216677627114,0.030801961295114144
s2r1-development-development-SME01885-003245-0,Mortgage,1.0,0.4173623449319931,0.4495064136322512,0.0321440687002581
s2r1-development-development-SME01887-003249-0,Unsecured,1.0,0.36053447041598785,0.3948246120903441,0.034290141674356234
s2r1-development-development-SME01899-003265-0,Unsecured,1.0,0.3076124709316333,0.3389687875862737,0.03135631665464039
s2r1-development-development-SME01931-003321-0,Mortgage,1.0,0.23351113565413545,0.24499815039118056,0.01148701473704511
s2r1-development-development-SME01932-003326-0,Other,1.0,0.43333192985657476,0.47675649064871584,0.043424560792141076
s2r1-development-development-SME01936-003331-0,Other,1.0,0.330790935243378,0.3693074456816229,0.03851651043824489
s2r1-development-development-SME01939-003336-0,Unsecured,1.0,0.5099073164172805,0.5395056884640924,0.029598372046811927
s2r1-development-development-SME01942-003341-0,Unsecured,1.0,0.5564042391084671,0.589194327843275,0.03279008873480782
s2r1-development-development-SME01945-003351-0,Mortgage,1.0,0.30296471307957595,0.3036932716707049,0.0007285585911289694
s2r1-development-development-SME01992-003439-0,Unsecured,1.0,0.3198830507517366,0.34831792270410816,0.028434871952371543
s2r1-development-development-SME01996-003445-0,Cash,1.0,0.051003433173724674,0.055532826348012,0.004529393174287327
s2r1-development-development-SME02045-003535-0,Mortgage,1.0,0.15823997838958231,0.1584228294530805,0.00018285106349819058
s2r1-development-development-SME02046-003538-0,Mortgage,1.0,0.2441511280305457,0.26488486410112516,0.02073373607057946
s2r1-development-development-SME02061-003567-0,Mortgage,1.0,0.17996728220239688,0.19790744168984747,0.01794015948745059
s2r1-development-development-SME02074-003587-0,Unsecured,1.0,0.3888395480956336,0.42457693704818567,0.035737388952552074
s2r1-development-development-SME02087-003608-0,Mortgage,1.0,0.3750250559886845,0.3765118898277776,0.0014868338390930935
s2r1-development-development-SME02111-003647-0,Mortgage,1.0,0.2748076841221636,0.275154154315747,0.0003464701935834147
s2r1-development-development-SME02121-003664-0,Unsecured,1.0,0.3487517851397368,0.37557819427756556,0.026826409137828744
s2r1-development-development-SME02125-003672-0,Unsecured,1.0,0.4277848854908535,0.4595809820137372,0.03179609652288373
s2r1-development-development-SME02142-003699-0,Mortgage,1.0,0.30807293204043124,0.3406184880737886,0.03254555603335735
s2r1-development-development-SME02151-003715-0,Mortgage,1.0,0.29059020030594884,0.29366387080338174,0.003073670497432901
s2r1-development-development-SME02170-003747-0,Unsecured,1.0,0.46215168880379215,0.4987717807288036,0.03662009192501148
s2r1-development-development-SME02252-003886-0,Other,1.0,0.1341769494454818,0.15804546533144567,0.023868515885963865
s2r1-development-development-SME02253-003889-0,Mortgage,1.0,0.29504817703580544,0.29733147809274213,0.002283301056936693
s2r1-development-development-SME02254-003891-0,Other,1.0,0.19179293703424022,0.23671892643351033,0.044925989399270116
s2r1-development-development-SME02262-003908-0,Unsecured,1.0,0.2883359447767528,0.32451765433045066,0.03618170955369787
s2r1-development-development-SME02264-003913-0,Cash,1.0,0.07637801541470066,0.07916739081260685,0.002789375397906191
s2r1-development-development-SME02280-003940-0,Mortgage,1.0,0.30689308712157115,0.32413762232624443,0.017244535204673284
s2r1-development-development-SME02287-003952-0,Unsecured,1.0,0.2787741093777234,0.31520861607086426,0.036434506693140856
s2r1-development-development-SME02289-003955-0,Unsecured,1.0,0.3825430501327577,0.421272681121747,0.038729630988989294
s2r1-development-development-SME02314-003999-0,Mortgage,1.0,0.24208715185227417,0.24361562274869103,0.0015284708964168614
s2r1-development-development-SME02320-004009-0,Other,1.0,0.2907746168565868,0.33709714734222673,0.046322530485639946
s2r1-development-development-SME02327-004022-0,Unsecured,1.0,0.36546188729752316,0.40010256652776544,0.03464067923024228
s2r1-development-development-SME02331-004030-0,Unsecured,1.0,0.38921258186595875,0.4216589357552122,0.03244635388925343
s2r1-development-development-SME02339-004045-0,Unsecured,1.0,0.5656321433515238,0.5983934699815262,0.03276132663000242
s2r1-development-development-SME02353-004069-0,Unsecured,1.0,0.21117043749182607,0.2533438102482922,0.042173372756466154
s2r1-development-development-SME02357-004076-0,Other,1.0,0.2724876307109259,0.3144437870553479,0.04195615634442201
s2r1-development-development-SME02368-004093-0,Other,1.0,0.10987851695969852,0.13290442432977434,0.023025907370075815
s2r1-development-development-SME02399-004145-0,Unsecured,1.0,0.4369100250790656,0.47697160323691645,0.04006157815785083
s2r1-development-development-SME02403-004152-0,Mortgage,1.0,0.3321410151829715,0.3614135241705258,0.02927250898755429
s2r1-development-development-SME02417-004178-0,Unsecured,1.0,0.3845021729326739,0.4205509027302473,0.0360487297975734
s2r1-development-development-SME02424-004191-0,Unsecured,1.0,0.34810399905433786,0.3837004834285884,0.03559648437425056
s2r1-development-development-SME02434-004208-0,Other,1.0,0.32717130161099484,0.3679685591694466,0.04079725755845176
s2r1-development-development-SME02437-004213-0,Mortgage,1.0,0.3355481643863799,0.37569054500766996,0.04014238062129005
s2r1-development-development-SME02439-004217-0,Unsecured,1.0,0.3348083811869834,0.38022307974388136,0.04541469855689795
s2r1-development-development-SME02463-004255-0,Mortgage,1.0,0.3002147458894227,0.3469313989884343,0.046716653099011574
s2r1-development-development-SME02497-004313-0,Unsecured,1.0,0.344838512133006,0.3780765201339001,0.033238008000894104
s2r1-development-development-SME02519-004354-0,Mortgage,1.0,0.22719158170466244,0.23857514577704547,0.011383564072383029
s2r1-development-development-SME02574-004444-0,Unsecured,1.0,0.31755516339072065,0.34772074616019455,0.030165582769473898
s2r1-development-development-SME02577-004448-0,Unsecured,1.0,0.5415926594515017,0.577991041628726,0.03639838217722435
s2r1-development-development-SME02601-004488-0,Unsecured,1.0,0.3119578986184196,0.3355951153074745,0.023637216689054885
s2r1-development-development-SME02602-004489-0,Mortgage,1.0,0.18726644981543944,0.18906214475865013,0.0017956949432106906
s2r1-development-development-SME02631-004534-0,Cash,1.0,0.05768278644611524,0.05844362801173531,0.0007608415656200698
s2r1-development-development-SME02636-004543-0,Unsecured,1.0,0.29357574896006894,0.3205644508113673,0.02698870185129837
s2r1-development-development-SME02636-004544-0,Unsecured,1.0,0.2896042432791325,0.31693222399884136,0.027327980719708878
s2r1-development-development-SME02662-004589-0,Unsecured,1.0,0.3274025027819222,0.36384135706725873,0.03643885428533655
s2r1-development-development-SME02663-004591-0,Unsecured,1.0,0.3848754753196355,0.4174882471154073,0.03261277179577177
s2r1-development-development-SME02663-004592-0,Unsecured,1.0,0.3733182313298483,0.40664098368914037,0.03332275235929205
s2r1-development-development-SME02663-004593-0,Unsecured,1.0,0.3432542786759265,0.376988271810572,0.03373399313464548
s2r1-development-development-SME02666-004597-0,Mortgage,1.0,0.2260270749946196,0.2507791956000974,0.024752120605477823
s2r1-development-development-SME02684-004628-0,Unsecured,1.0,0.472909065819238,0.5121557300424899,0.03924666422325196
s2r1-development-development-SME02702-004656-0,Mortgage,1.0,0.2369682840398737,0.2370113480623992,4.306402252551855e-05
s2r1-development-development-SME02747-004738-0,Cash,1.0,0.050036585057633524,0.06650320887355067,0.016466623815917146
s2r1-development-development-SME02790-004808-0,Other,1.0,0.3677352671655433,0.4115113692189218,0.04377610205337851
s2r1-development-development-SME02790-004810-0,Other,1.0,0.4016662088663441,0.4413736248191085,0.03970741595276445
s2r1-development-development-SME02804-004832-0,Mortgage,1.0,0.4577330890152551,0.49321958118571096,0.03548649217045585
s2r1-development-development-SME02834-004888-0,Unsecured,1.0,0.28195515009950056,0.318093325598624,0.03613817549912346
s2r1-development-development-SME02835-004889-0,Cash,1.0,0.032988044511381195,0.03427761381922299,0.001289569307841798
s2r1-development-development-SME02857-004924-0,Other,1.0,0.287982977104304,0.3280070343574343,0.040024057253130296
s2r1-development-development-SME02872-004949-0,Mortgage,1.0,0.28474562241300877,0.32616672699084914,0.04142110457784037
s2r1-development-development-SME02878-004957-0,Mortgage,1.0,0.42243600172292484,0.4635429671351122,0.04110696541218739
s2r1-development-development-SME02915-005014-0,Unsecured,1.0,0.4580735151425541,0.4853588863948633,0.027285371252309176
s2r1-development-development-SME02918-005019-0,Other,1.0,0.23340609609507834,0.28446193208480147,0.05105583598972313
s2r1-development-development-SME02920-005022-0,Unsecured,1.0,0.215595004176855,0.24293990250963957,0.027344898332784556
s2r1-development-development-SME02957-005085-0,Other,1.0,0.16780398140417693,0.1920642795410159,0.02426029813683897
s2r1-development-development-SME02963-005097-0,Cash,1.0,0.04718023583234772,0.0617592936791106,0.014579057846762881
s2r1-development-development-SME02986-005130-0,Other,1.0,0.18048605842137805,0.20860568922266431,0.028119630801286266
s2r1-development-development-SME02989-005134-0,Unsecured,1.0,0.2885884209797428,0.3251285911360821,0.03654017015633931
s2r1-development-development-SME03019-005188-0,Other,1.0,0.3944953644858939,0.43558284023523197,0.041087475749338076
s2r1-development-development-SME03032-005207-0,Unsecured,1.0,0.4826211331482283,0.5125156379197345,0.029894504771506236
s2r1-development-development-SME03107-005330-0,Unsecured,1.0,0.34664465632735336,0.3784912186318339,0.03184656230448052
s2r1-development-development-SME03134-005380-0,Unsecured,1.0,0.3123830686342488,0.34655630253427083,0.034173233900022026
s2r1-development-development-SME03136-005383-0,Mortgage,1.0,0.5079809379546133,0.5498740412681334,0.04189310331352014
s2r1-development-development-SME03151-005409-0,Other,1.0,0.29785230057952494,0.33065859176953183,0.03280629119000689
s2r1-development-development-SME03158-005421-0,Other,1.0,0.2812342111742759,0.32649005465450587,0.045255843480229985
s2r1-development-development-SME03162-005429-0,Unsecured,1.0,0.3494761631044282,0.37766433129878707,0.028188168194358876
s2r1-development-development-SME03176-005453-0,Other,1.0,0.32083809036719,0.366584133580614,0.04574604321342396
s2r1-development-development-SME03185-005468-0,Mortgage,1.0,0.33372000439071925,0.3366536673517264,0.0029336629610071663
s2r1-development-development-SME03213-005516-0,Mortgage,1.0,0.37472417042491,0.421693333971372,0.04696916354646197
s2r1-development-development-SME03246-005575-0,Other,1.0,0.4624440933281027,0.49485404160311797,0.032409948275015255
s2r1-development-development-SME03254-005592-0,Mortgage,1.0,0.19151595990113246,0.1966698380607894,0.005153878159656927
s2r1-development-development-SME03259-005601-0,Unsecured,1.0,0.34870227532871745,0.3753622355173055,0.026659960188588072
s2r1-development-development-SME03262-005606-0,Mortgage,1.0,0.24834248911338586,0.2515175550420081,0.003175065928622267
s2r1-development-development-SME03273-005623-0,Other,1.0,0.5438517024177506,0.5835920428155451,0.039740340397794505
s2r1-development-development-SME03275-005628-0,Unsecured,1.0,0.30410763069908275,0.34186767777179794,0.037760047072715186
s2r1-development-development-SME03298-005664-0,Mortgage,1.0,0.303597427324346,0.3178054765966371,0.014208049272291079
s2r1-development-development-SME03301-005668-0,Unsecured,1.0,0.4985075762222809,0.529664823145513,0.031157246923232074
s2r1-development-development-SME03310-005683-0,Mortgage,1.0,0.22346434962324385,0.2601714653967461,0.036707115773502275
s2r1-development-development-SME03322-005701-0,Cash,1.0,0.04841725304951303,0.05072887857419082,0.002311625524677785
s2r1-development-development-SME03326-005709-0,Cash,1.0,0.06496230292250132,0.0998664111121069,0.03490410818960557
s2r1-development-development-SME03346-005746-0,Mortgage,1.0,0.23742971882435843,0.23998655266960905,0.002556833845250628
s2r1-development-development-SME03358-005766-0,Cash,1.0,0.09837547427873294,0.12837892853435895,0.030003454255626005
s2r1-development-development-SME03375-005797-0,Mortgage,1.0,0.289326064685158,0.33061986251114905,0.041293797825991074
s2r1-development-development-SME03386-005813-0,Unsecured,1.0,0.18681232484436883,0.2220893004203126,0.03527697557594378
s2r1-development-development-SME03387-005815-0,Unsecured,1.0,0.38805598134236746,0.4173100481626727,0.029254066820305236
s2r1-development-development-SME03394-005824-0,Other,1.0,0.17501540769171817,0.21119619331833278,0.036180785626614614
s2r1-development-development-SME03420-005864-0,Unsecured,1.0,0.3397091066384853,0.37266564612956843,0.032956539491083126
s2r1-development-development-SME03442-005906-0,Mortgage,1.0,0.27432277871620236,0.2977031823740032,0.023380403657800808
s2r1-development-development-SME03450-005922-0,Mortgage,1.0,0.22466796641425635,0.2282326134442948,0.003564647030038448
s2r1-development-development-SME03459-005942-0,Mortgage,1.0,0.37218961187419497,0.3903413692960762,0.018151757421881243
s2r1-development-development-SME03490-005997-0,Unsecured,1.0,0.33702596193473755,0.37240677326913196,0.03538081133439441
s2r1-development-development-SME03556-006108-0,Unsecured,1.0,0.16204270045036845,0.19609759313649333,0.03405489268612488
s2r1-development-development-SME03571-006136-0,Mortgage,1.0,0.3744461350473239,0.41130575193149044,0.03685961688416656
s2r1-development-development-SME03572-006138-0,Mortgage,1.0,0.2048644755995544,0.22493386771283916,0.020069392113284762
s2r1-development-development-SME03573-006141-0,Unsecured,1.0,0.5181409577106171,0.5494269293904211,0.03128597167980407
s2r1-development-development-SME03579-006149-0,Other,1.0,0.12439875815249543,0.13247429394222016,0.008075535789724725
s2r1-development-development-SME03579-006150-0,Other,1.0,0.14649446201376898,0.1842372238211531,0.03774276180738412
s2r1-development-development-SME03583-006159-0,Unsecured,1.0,0.19613199795741243,0.23410048874895062,0.03796849079153819
s2r1-development-development-SME03591-006170-0,Other,1.0,0.22521326719690796,0.2724735548748367,0.04726028767792875
s2r1-development-development-SME03641-006259-0,Mortgage,1.0,0.3254804859515553,0.32689840643882884,0.0014179204872735163
s2r1-development-development-SME03644-006265-0,Unsecured,1.0,0.3957498428374938,0.4358873095351796,0.04013746669768581
s2r1-development-development-SME03648-006274-0,Unsecured,1.0,0.4050726167902634,0.4396229646869359,0.034550347896672495
s2r1-development-development-SME03655-006287-0,Mortgage,1.0,0.2795217068199445,0.30246493452616546,0.02294322770622098
s2r1-development-development-SME03663-006300-0,Other,1.0,0.4589228103742106,0.5052892566951679,0.046366446320957266
s2r1-development-development-SME03665-006303-0,Unsecured,1.0,0.47382686139379526,0.5071147971358954,0.033287935742100094
s2r1-development-development-SME03678-006327-0,Mortgage,1.0,0.21985291542087648,0.21986528527382382,1.2369852947335946e-05
s2r1-development-development-SME03685-006336-0,Other,1.0,0.19741831830675155,0.21207284881541588,0.014654530508664332
s2r1-development-development-SME03690-006345-0,Mortgage,1.0,0.26700342666754934,0.26702267514590355,1.9248478354216836e-05
s2r1-development-development-SME03728-006409-0,Cash,1.0,0.051432983369951384,0.05506663257322887,0.003633649203277488
s2r1-development-development-SME03751-006452-0,Mortgage,1.0,0.2896632345869194,0.29086268688201755,0.0011994522950981579
s2r1-development-development-SME03772-006489-0,Mortgage,1.0,0.19931232921167272,0.20119754498319248,0.0018852157715197604
s2r1-development-development-SME03776-006498-0,Unsecured,1.0,0.39166409592277235,0.43091235196132904,0.039248256038556695
s2r1-development-development-SME03777-006501-0,Other,1.0,0.41884596916491845,0.45631967930457346,0.037473710139655
s2r1-development-development-SME03796-006530-0,Mortgage,1.0,0.19710128457295395,0.20955387931502711,0.012452594742073164
s2r1-development-development-SME03800-006537-0,Unsecured,1.0,0.44812171286321445,0.48827480621334163,0.04015309335012718
s2r1-development-development-SME03804-006545-0,Unsecured,1.0,0.5171313311693424,0.5511663621663523,0.034035030997009885
s2r1-development-development-SME03806-006551-0,Other,1.0,0.47203885570789483,0.5125078304261644,0.0404689747182696
s2r1-development-development-SME03853-006632-0,Mortgage,1.0,0.301386056609666,0.30375039553622946,0.0023643389265634585
s2r1-development-development-SME03890-006702-0,Other,1.0,0.35558108567847063,0.3981008226674539,0.04251973698898326
s2r1-development-development-SME03894-006709-0,Unsecured,1.0,0.5694386264463545,0.5984866908580863,0.0290480644117318
s2r1-development-development-SME03898-006716-0,Unsecured,1.0,0.43600689089472033,0.4525100775496017,0.016503186654881374
s2r1-development-development-SME03903-006723-0,Unsecured,1.0,0.6610835877571248,0.6907398111088455,0.02965622335172069
s2r1-development-development-SME03912-006738-0,Mortgage,1.0,0.16172483946152233,0.16852554787756963,0.006800708416047296
s2r1-development-development-SME03943-006791-0,Other,1.0,0.39204753359999744,0.4287387059436578,0.03669117234366037
s2r1-development-development-SME03962-006822-0,Other,1.0,0.1925349682042168,0.22392867304579778,0.031393704841580966
